timestamp,Ct,prediction,anomalyScore,anomaly_likelihood
2016-12-30 04:00:00,5117.0,5117.0,1.0,0.5
2016-12-30 06:00:00,3236.0,3236.0,1.0,0.5
2016-12-30 08:00:00,3470.0,3236.0,1.0,0.5
2016-12-30 10:00:00,5915.0,3470.0,1.0,0.5
2016-12-30 12:00:00,7542.0,7542.0,1.0,0.5
2016-12-30 14:00:00,13631.0,13631.0,1.0,0.5
2016-12-30 16:00:00,10744.0,10744.0,1.0,0.5
2016-12-30 18:00:00,12035.0,12035.0,1.0,0.5
2016-12-30 20:00:00,9504.0,9504.0,1.0,0.5
2016-12-30 22:00:00,6001.0,3236.0,1.0,0.5
2016-12-31 00:00:00,5949.0,3236.0,1.0,0.5
2016-12-31 02:00:00,5956.0,5925.2,1.0,0.5
2016-12-31 04:00:00,5446.0,3236.0,1.0,0.5
2016-12-31 06:00:00,3666.0,5934.44,0.35,0.5
2016-12-31 08:00:00,3276.0,5934.44,0.275,0.5
2016-12-31 10:00:00,5838.0,7542.0,0.05,0.5
2016-12-31 12:00:00,6078.0,3666.0,0.675,0.5
2016-12-31 14:00:00,5742.0,6024.099999999999,0.925,0.5
2016-12-31 16:00:00,5271.0,5742.0,1.0,0.5
2016-12-31 18:00:00,5335.0,5271.0,1.0,0.5
2016-12-31 20:00:00,5282.0,5290.2,1.0,0.5
2016-12-31 22:00:00,4526.0,3666.0,0.95,0.5
2017-01-01 00:00:00,4883.0,4526.0,1.0,0.5
2017-01-01 02:00:00,4883.0,4883.0,0.95,0.5
2017-01-01 04:00:00,4110.0,3248.0,0.925,0.5
2017-01-01 06:00:00,3198.0,5905.507999999999,0.725,0.5
2017-01-01 08:00:00,3215.0,5905.507999999999,0.025,0.5
2017-01-01 10:00:00,5412.0,3227.6,0.175,0.5
2017-01-01 12:00:00,5486.0,5287.74,0.35,0.5
2017-01-01 14:00:00,4652.0,5450.859999999999,0.8,0.5
2017-01-01 16:00:00,4276.0,4652.0,0.9,0.5
2017-01-01 18:00:00,4886.0,4276.0,0.725,0.5
2017-01-01 20:00:00,5227.0,4526.0,0.0,0.5
2017-01-01 22:00:00,4302.0,4883.9,0.25,0.5
2017-01-02 00:00:00,4889.0,4110.0,0.05,0.5
2017-01-02 02:00:00,5473.0,4110.0,0.325,0.5
2017-01-02 04:00:00,4920.0,3227.6,0.525,0.5
2017-01-02 06:00:00,3040.0,5457.501999999999,0.15,0.5
2017-01-02 08:00:00,3183.0,5457.501999999999,0.0,0.5
2017-01-02 10:00:00,5299.0,4283.799999999999,0.125,0.5
2017-01-02 12:00:00,5724.0,5278.3625999999995,0.05,0.5
2017-01-02 14:00:00,5854.0,5278.3625999999995,0.075,0.5
2017-01-02 16:00:00,5584.0,5278.3625999999995,0.125,0.5
2017-01-02 18:00:00,5819.0,4283.799999999999,0.175,0.5
2017-01-02 20:00:00,5904.0,4283.799999999999,0.325,0.5
2017-01-02 22:00:00,5057.0,4895.8009999999995,0.5,0.5
2017-01-03 00:00:00,5410.0,4895.8009999999995,0.325,0.5
2017-01-03 02:00:00,5402.0,3040.0,0.25,0.5
2017-01-03 04:00:00,5326.0,3666.0,0.25,0.5
2017-01-03 06:00:00,3359.0,3214.22,0.0,0.5
2017-01-03 08:00:00,3421.0,5292.6538199999995,0.05,0.5
2017-01-03 10:00:00,6130.0,3377.5999999999995,0.125,0.5
2017-01-03 12:00:00,9108.0,13631.0,0.675,0.5
2017-01-03 14:00:00,17618.0,5894.238919999999,1.0,0.5
2017-01-03 16:00:00,15181.0,5894.238919999999,1.0,0.5
2017-01-03 18:00:00,15972.0,15181.0,1.0,0.5
2017-01-03 20:00:00,13837.0,10744.0,1.0,0.5
2017-01-03 22:00:00,7804.0,5430.875979999999,1.0,0.5
2017-01-04 00:00:00,6333.0,5430.875979999999,1.0,0.5
2017-01-04 02:00:00,6331.0,3377.5999999999995,0.475,0.5
2017-01-04 04:00:00,5627.0,3377.5999999999995,0.525,0.5
2017-01-04 06:00:00,3708.0,3377.5999999999995,0.025,0.5
2017-01-04 08:00:00,3618.0,6055.869999999999,0.05,0.5
2017-01-04 10:00:00,6847.0,9108.0,0.25,0.5
2017-01-04 12:00:00,9912.0,17618.0,0.875,0.5
2017-01-04 14:00:00,19349.0,15181.0,1.0,0.5
2017-01-04 16:00:00,15700.0,13837.0,1.0,0.5
2017-01-04 18:00:00,17626.0,13837.0,0.625,0.5
2017-01-04 20:00:00,14796.0,7804.0,0.825,0.5
2017-01-04 22:00:00,7926.0,6332.4,0.95,0.5
2017-01-05 00:00:00,7498.0,5596.9,0.45,0.5
2017-01-05 02:00:00,6760.0,5596.9,0.8,0.5
2017-01-05 04:00:00,6347.0,3678.5999999999995,0.225,0.5
2017-01-05 06:00:00,3526.0,3514.3999999999996,0.1,0.5
2017-01-05 08:00:00,3827.0,6847.0,0.025,0.5
2017-01-05 10:00:00,7019.0,9912.0,0.125,0.5
2017-01-05 12:00:00,9681.0,19349.0,0.3,0.5
2017-01-05 14:00:00,19535.0,15700.0,0.1,0.5
2017-01-05 16:00:00,16218.0,17620.399999999998,0.35,0.5
2017-01-05 18:00:00,16980.0,14796.0,0.625,0.5
2017-01-05 20:00:00,14247.0,7926.0,0.575,0.5
2017-01-05 22:00:00,7706.0,7528.799999999999,0.25,0.5
2017-01-06 00:00:00,6776.0,3517.879999999999,0.125,0.5
2017-01-06 02:00:00,6456.0,3517.879999999999,0.0,0.5
2017-01-06 04:00:00,6089.0,3517.879999999999,0.025,0.5
2017-01-06 06:00:00,3441.0,3827.0,0.0,0.5
2017-01-06 08:00:00,3573.0,7019.0,0.025,0.5
2017-01-06 10:00:00,6530.0,9681.0,0.025,0.5
2017-01-06 12:00:00,9032.0,19535.0,0.45,0.5
2017-01-06 14:00:00,17536.0,16218.0,0.1,0.5
2017-01-06 16:00:00,14628.0,16980.0,0.45,0.5
2017-01-06 18:00:00,15170.0,7706.0,0.975,0.5
2017-01-06 20:00:00,12687.0,9504.0,0.95,0.5
2017-01-06 22:00:00,6623.0,6065.808999999999,0.725,0.5
2017-01-07 00:00:00,6622.0,6065.808999999999,0.0,0.5
2017-01-07 02:00:00,6281.0,6689.83,0.0,0.5
2017-01-07 04:00:00,5420.0,3396.619999999999,0.0,0.5
2017-01-07 06:00:00,3619.0,3534.4159999999993,0.0,0.5
2017-01-07 08:00:00,3494.0,6530.0,0.0,0.5
2017-01-07 10:00:00,6312.0,9085.199999999999,0.1,0.5
2017-01-07 12:00:00,6145.0,9085.199999999999,0.075,0.5
2017-01-07 14:00:00,7219.0,6240.2,0.225,0.5
2017-01-07 16:00:00,6069.0,7219.0,0.65,0.5
2017-01-07 18:00:00,5591.0,5427.613185999999,0.1,0.5
2017-01-07 20:00:00,5945.0,5427.613185999999,0.125,0.5
2017-01-07 22:00:00,4652.0,5427.613185999999,0.05,0.5
2017-01-08 00:00:00,5312.0,4652.0,0.075,0.5
2017-01-08 02:00:00,5154.0,5298.457673999999,0.0,0.5
2017-01-08 04:00:00,5292.0,5115.5,0.025,0.5
2017-01-08 06:00:00,3041.0,3522.2911999999997,0.05,0.5
2017-01-08 08:00:00,3030.0,3522.2911999999997,0.0,0.5
2017-01-08 10:00:00,5352.0,3037.21,0.35,0.5
2017-01-08 12:00:00,5489.0,4652.0,0.35,0.5
2017-01-08 14:00:00,5318.0,5313.164260259999,0.0,0.5
2017-01-08 16:00:00,4464.0,5314.614982181999,0.125,0.5
2017-01-08 18:00:00,5440.0,5909.467243999999,0.0,0.5
2017-01-08 20:00:00,5592.0,5444.220461139999,0.0,0.5
2017-01-08 22:00:00,4310.0,5314.614982181999,0.1,0.5
2017-01-09 00:00:00,5618.0,4291.66,0.075,0.5
2017-01-09 02:00:00,5184.0,5601.333699999999,0.0,0.5
2017-01-09 04:00:00,5059.0,3037.21,0.0,0.5
2017-01-09 06:00:00,3320.0,3320.0,0.0,0.5
2017-01-09 08:00:00,3416.0,3416.0,0.475,0.5
2017-01-09 10:00:00,6279.0,3386.3437999999987,0.075,0.5
2017-01-09 12:00:00,9351.0,17595.079999999998,0.625,0.5
2017-01-09 14:00:00,20519.0,5601.333699999999,0.525,0.5
2017-01-09 16:00:00,18745.0,14628.0,0.95,0.5
2017-01-09 18:00:00,20488.0,18745.0,0.825,0.5
2017-01-09 20:00:00,16717.0,14247.0,1.0,0.5
2017-01-09 22:00:00,9403.0,6066.766299999999,0.975,0.5
2017-01-10 00:00:00,7876.0,9366.6,0.7,0.5
2017-01-10 02:00:00,7640.0,7825.5999999999985,0.175,0.5
2017-01-10 04:00:00,6917.0,6917.0,0.025,0.5
2017-01-10 06:00:00,4121.0,3037.21,0.375,0.5
2017-01-10 08:00:00,4245.0,4245.0,0.125,0.5
2017-01-10 10:00:00,7991.0,6066.766299999999,0.45,0.5
2017-01-10 12:00:00,11073.0,20519.0,0.95,0.5
2017-01-10 14:00:00,22092.0,18745.0,0.925,0.5
2017-01-10 16:00:00,18226.0,20488.0,1.0,0.5
2017-01-10 18:00:00,19440.0,16717.0,0.325,0.5
2017-01-10 20:00:00,16019.0,9366.6,0.625,0.5
2017-01-10 22:00:00,9073.0,7825.5999999999985,0.7,0.5
2017-01-11 00:00:00,7938.0,6853.09,0.15,0.5
2017-01-11 02:00:00,7673.0,7673.0,0.0,0.5
2017-01-11 04:00:00,7369.0,7682.24,0.175,0.5
2017-01-11 06:00:00,4672.0,4152.8099999999995,0.125,0.5
2017-01-11 08:00:00,4169.0,4169.0,0.0,0.5
2017-01-11 10:00:00,8391.0,11073.0,0.575,0.5
2017-01-11 12:00:00,11093.0,22092.0,0.95,0.5
2017-01-11 14:00:00,21951.0,18226.0,0.25,0.5
2017-01-11 16:00:00,18553.0,19506.5,0.15,0.5
2017-01-11 18:00:00,20442.0,15986.099999999999,0.05,0.5
2017-01-11 20:00:00,17079.0,9081.539999999999,0.175,0.5
2017-01-11 22:00:00,9546.0,7943.25,0.175,0.5
2017-01-12 00:00:00,8184.0,7682.24,0.125,0.5
2017-01-12 02:00:00,7990.0,7682.24,0.075,0.5
2017-01-12 04:00:00,7712.0,7957.275,0.075,0.5
2017-01-12 06:00:00,4707.0,4157.6669999999995,0.0,0.5
2017-01-12 08:00:00,4337.0,4337.0,0.0,0.5
2017-01-12 10:00:00,8546.0,11079.0,0.6,0.5
2017-01-12 12:00:00,11118.0,21951.0,0.325,0.5
2017-01-12 14:00:00,22491.0,18553.0,0.15,0.5
2017-01-12 16:00:00,18077.0,20474.199999999997,0.125,0.5
2017-01-12 18:00:00,19613.0,17079.0,0.125,0.5
2017-01-12 20:00:00,16187.0,9516.599999999999,0.075,0.5
2017-01-12 22:00:00,9753.0,8184.0,0.025,0.5
2017-01-13 00:00:00,8315.0,7691.168,0.05,0.5
2017-01-13 02:00:00,7977.0,7691.168,0.0,0.5
2017-01-13 04:00:00,7588.0,4672.7,0.0,0.5
2017-01-13 06:00:00,4525.0,4305.262,0.0,0.5
2017-01-13 08:00:00,4441.0,4305.262,0.125,0.5
2017-01-13 10:00:00,7823.0,4491.1759999999995,0.025,0.5
2017-01-13 12:00:00,10289.0,22491.0,0.275,0.5
2017-01-13 14:00:00,20827.0,16208.699999999997,0.325,0.5
2017-01-13 16:00:00,17795.0,19613.0,0.25,0.5
2017-01-13 18:00:00,17525.0,19613.0,0.25,0.5
2017-01-13 20:00:00,14340.0,7660.2176,0.075,0.5
2017-01-13 22:00:00,8327.0,8327.0,0.25,0.5
2017-01-14 00:00:00,7346.0,7346.0,0.1,0.5
2017-01-14 02:00:00,7618.0,8318.6,0.05,0.5
2017-01-14 04:00:00,5947.0,3386.3437999999987,0.075,0.5
2017-01-14 06:00:00,4831.0,4491.1759999999995,0.025,0.5
2017-01-14 08:00:00,3776.0,6354.3822,0.05,0.5
2017-01-14 10:00:00,7253.0,4491.1759999999995,0.175,0.5
2017-01-14 12:00:00,7556.0,10289.0,0.7,0.5
2017-01-14 14:00:00,8530.0,20827.0,0.475,0.5
2017-01-14 16:00:00,6764.0,8541.2,0.85,0.5
2017-01-14 18:00:00,7162.0,6712.080999999999,0.175,0.5
2017-01-14 20:00:00,7009.0,7009.0,0.075,0.5
2017-01-14 22:00:00,6228.0,6228.0,0.15,0.5
2017-01-15 00:00:00,6672.0,6672.0,0.025,0.5
2017-01-15 02:00:00,6896.0,6896.0,0.0,0.5
2017-01-15 04:00:00,5127.0,4831.0,0.075,0.5
2017-01-15 06:00:00,4597.0,7824.819999999998,0.1,0.5
2017-01-15 08:00:00,4349.0,7824.819999999998,0.0,0.5
2017-01-15 10:00:00,7018.0,7015.999999999999,0.125,0.5
2017-01-15 12:00:00,6992.0,7016.5999999999985,0.775,0.5
2017-01-15 14:00:00,6820.0,7009.219999999999,0.075,0.5
2017-01-15 16:00:00,5551.0,6852.174099999999,0.0,0.5
2017-01-15 18:00:00,6540.0,5586.233589999999,0.0,0.5
2017-01-15 20:00:00,7180.0,7180.0,0.0,0.5
2017-01-15 22:00:00,5903.0,5903.0,0.0,0.5
2017-01-16 00:00:00,6546.0,5915.408949559998,0.025,0.5
2017-01-16 02:00:00,6680.0,7647.552319999999,0.0,0.5
2017-01-16 04:00:00,6772.0,4318.3834,0.1,0.5
2017-01-16 06:00:00,3804.0,4318.3834,0.025,0.5
2017-01-16 08:00:00,4127.0,4127.0,0.0,0.5
2017-01-16 10:00:00,7315.0,7195.329999999999,0.1,0.5
2017-01-16 12:00:00,7935.0,5586.233589999999,0.175,0.5
2017-01-16 14:00:00,8249.0,6717.427782999999,0.1,0.5
2017-01-16 16:00:00,7251.0,8297.72,0.15,0.5
2017-01-16 18:00:00,8122.0,6717.427782999999,0.125,0.5
2017-01-16 20:00:00,8519.0,8519.0,0.425,0.5
2017-01-16 22:00:00,6449.0,6717.427782999999,0.025,0.5
2017-01-17 00:00:00,6965.0,6717.427782999999,0.05,0.5
2017-01-17 02:00:00,7346.0,6717.427782999999,0.05,0.5
2017-01-17 04:00:00,6980.0,3820.0999999999995,0.05,0.5
2017-01-17 06:00:00,4226.0,4148.466899999999,0.0,0.5
2017-01-17 08:00:00,3952.0,7315.7889099999975,0.0,0.5
2017-01-17 10:00:00,7606.0,7954.734749999999,0.075,0.5
2017-01-17 12:00:00,11200.0,20827.0,0.1,0.5
2017-01-17 14:00:00,21853.0,18077.0,0.1,0.5
2017-01-17 16:00:00,18210.0,14274.9,0.025,0.5
2017-01-17 18:00:00,20026.0,16208.699999999997,0.05,0.5
2017-01-17 20:00:00,17336.0,9702.6,0.075,0.5
2017-01-17 22:00:00,9633.0,8297.72,0.1,0.5
2017-01-18 00:00:00,8653.0,8653.0,0.025,0.5
2017-01-18 02:00:00,8037.0,8037.0,0.05,0.5
2017-01-18 04:00:00,7334.0,4171.72683,0.025,0.5
2017-01-18 06:00:00,4291.0,3952.0,0.0,0.5
2017-01-18 08:00:00,4598.0,4598.0,0.025,0.5
2017-01-18 10:00:00,7975.0,8570.078,0.075,0.5
2017-01-18 12:00:00,11786.0,21853.0,0.225,0.5
2017-01-18 14:00:00,22755.0,18221.199999999997,0.25,0.5
2017-01-18 16:00:00,17554.0,20026.0,0.125,0.5
2017-01-18 18:00:00,20683.0,17336.0,0.175,0.5
2017-01-18 20:00:00,16931.0,9681.72,0.075,0.5
2017-01-18 22:00:00,9991.0,8570.078,0.125,0.5
2017-01-19 00:00:00,8786.0,8786.0,0.075,0.5
2017-01-19 02:00:00,8074.0,7321.252236999998,0.05,0.5
2017-01-19 04:00:00,8062.0,7321.252236999998,0.1,0.5
2017-01-19 06:00:00,5002.0,4634.392999999999,0.025,0.5
2017-01-19 08:00:00,4670.0,7960.8143249999985,0.025,0.5
2017-01-19 10:00:00,8755.0,8755.0,0.1,0.5
2017-01-19 12:00:00,11642.0,22755.0,0.25,0.5
2017-01-19 14:00:00,22248.0,17568.039199999996,0.075,0.5
2017-01-19 16:00:00,18577.0,20683.0,0.0,0.5
2017-01-19 18:00:00,20364.0,16965.3,0.0,0.5
2017-01-19 20:00:00,17496.0,9991.0,0.05,0.5
2017-01-19 22:00:00,9611.0,9611.0,0.0,0.5
2017-01-20 00:00:00,8383.0,8096.311199999998,0.125,0.5
2017-01-20 02:00:00,8284.0,8776.7,0.125,0.5
2017-01-20 04:00:00,7230.0,4645.075099999999,0.125,0.5
2017-01-20 06:00:00,4679.0,4645.075099999999,0.0,0.5
2017-01-20 08:00:00,4522.0,4522.0,0.025,0.5
2017-01-20 10:00:00,8173.0,11786.0,0.025,0.5
2017-01-20 12:00:00,10855.0,9544.919999999998,0.1,0.5
2017-01-20 14:00:00,21875.0,18560.199999999997,0.1,0.5
2017-01-20 16:00:00,17297.0,9544.919999999998,0.05,0.5
2017-01-20 18:00:00,18475.0,9544.919999999998,0.0,0.5
2017-01-20 20:00:00,14983.0,8293.604,0.0,0.5
2017-01-20 22:00:00,8412.0,8412.0,0.1,0.5
2017-01-21 00:00:00,7921.0,7960.8143249999985,0.0,0.5
2017-01-21 02:00:00,8122.0,7205.730999999999,0.0,0.5
2017-01-21 04:00:00,6917.0,6917.0,0.05,0.5
2017-01-21 06:00:00,4543.0,4543.0,0.0,0.5
2017-01-21 08:00:00,4655.0,8120.122487999997,0.025,0.5
2017-01-21 10:00:00,7379.0,11200.0,0.075,0.5
2017-01-21 12:00:00,7702.0,8570.078,0.225,0.5
2017-01-21 14:00:00,8999.0,7338.576565899998,0.225,0.5
2017-01-21 16:00:00,6590.0,6590.0,0.025,0.5
2017-01-21 18:00:00,7273.0,7273.0,0.025,0.5
2017-01-21 20:00:00,7665.0,8120.122487999997,0.025,0.5
2017-01-21 22:00:00,6432.0,6991.167799999999,0.025,0.5
2017-01-22 00:00:00,6768.0,6768.0,0.0,0.5
2017-01-22 02:00:00,7464.0,6871.621869999999,0.1,0.5
2017-01-22 04:00:00,6583.0,6583.0,0.0,0.5
2017-01-22 06:00:00,4370.0,4655.176798999999,0.025,0.5
2017-01-22 08:00:00,4175.0,4175.0,0.025,0.5
2017-01-22 10:00:00,7516.0,7658.112445759998,0.1,0.5
2017-01-22 12:00:00,7150.0,9056.777999999998,0.125,0.5
2017-01-22 14:00:00,7005.0,7005.0,0.0,0.5
2017-01-22 16:00:00,6054.0,6054.0,0.075,0.5
2017-01-22 18:00:00,6890.0,6890.0,0.0,0.5
2017-01-22 20:00:00,7718.0,6397.537278,0.025,0.5
2017-01-22 22:00:00,6557.0,6732.599448099999,0.05,0.5
2017-01-23 00:00:00,6673.0,7515.350399999999,0.0,0.5
2017-01-23 02:00:00,7335.0,6560.416699999998,0.075,0.5
2017-01-23 04:00:00,6764.0,6764.0,0.025,0.5
2017-01-23 06:00:00,4415.0,4415.0,0.025,0.5
2017-01-23 08:00:00,4329.0,4329.0,0.05,0.5
2017-01-23 10:00:00,8098.0,7189.011699999999,0.05,0.5
2017-01-23 12:00:00,12024.0,22248.0,0.15,0.5
2017-01-23 14:00:00,22232.0,17324.3,0.025,0.5
2017-01-23 16:00:00,18379.0,14983.0,0.025,0.5
2017-01-23 18:00:00,20030.0,17496.0,0.025,0.5
2017-01-23 20:00:00,16945.0,8395.619999999999,0.1,0.5
2017-01-23 22:00:00,10098.0,8776.7,0.0,0.5
2017-01-24 00:00:00,8348.0,8348.0,0.0,0.5
2017-01-24 02:00:00,8092.0,6560.416699999998,0.0,0.5
2017-01-24 04:00:00,7107.0,5444.220461139999,0.0,0.5
2017-01-24 06:00:00,4719.0,4328.382506199999,0.0,0.5
2017-01-24 08:00:00,4579.0,8107.040019119999,0.05,0.5
2017-01-24 10:00:00,8067.0,12031.7,0.05,0.5
2017-01-24 12:00:00,11728.0,22243.199999999997,0.05,0.5
2017-01-24 14:00:00,22479.0,18379.0,0.125,0.5
2017-01-24 16:00:00,17950.0,20027.199999999997,0.0,0.5
2017-01-24 18:00:00,19464.0,20027.199999999997,0.0,0.5
2017-01-24 20:00:00,16150.0,10098.0,0.0,0.5
2017-01-24 22:00:00,9597.0,9597.0,0.0,0.5
2017-01-25 00:00:00,8234.0,8309.922799999998,0.0,0.5
2017-01-25 02:00:00,8240.0,6729.503729568998,0.0,0.5
2017-01-25 04:00:00,7446.0,4645.72663151,0.075,0.5
2017-01-25 06:00:00,4599.0,4645.72663151,0.0,0.5
2017-01-25 08:00:00,4650.0,8095.028013383999,0.05,0.5
2017-01-25 10:00:00,8117.0,11768.599999999999,0.05,0.5
2017-01-25 12:00:00,11791.0,22487.399999999998,0.075,0.5
2017-01-25 14:00:00,22352.0,17950.0,0.05,0.5
2017-01-25 16:00:00,17684.0,19493.75,0.0,0.5
2017-01-25 18:00:00,20644.0,17761.7,0.0,0.5
2017-01-25 20:00:00,16597.0,9560.543999999998,0.05,0.5
2017-01-25 22:00:00,9675.0,9675.0,0.025,0.5
2017-01-26 00:00:00,8073.0,8273.002171999999,0.0,0.5
2017-01-26 02:00:00,7956.0,7494.5452799999985,0.0,0.5
2017-01-26 04:00:00,7460.0,4637.196049439899,0.075,0.5
2017-01-26 06:00:00,4928.0,4637.196049439899,0.0,0.5
2017-01-26 08:00:00,4331.0,8093.03372655816,0.05,0.5
2017-01-26 10:00:00,8458.0,11775.319999999998,0.075,0.5
2017-01-26 12:00:00,11272.0,11272.0,0.05,0.5
2017-01-26 14:00:00,22287.0,17761.7,0.025,0.5
2017-01-26 16:00:00,18275.0,20556.5,0.05,0.5
2017-01-26 18:00:00,20787.0,16959.21,0.0,0.5
2017-01-26 20:00:00,17125.0,9679.703999999998,0.05,0.5
2017-01-26 22:00:00,9346.0,9346.0,0.025,0.5
2017-01-27 00:00:00,8173.0,7951.009019249999,0.0,0.5
2017-01-27 02:00:00,7840.0,7484.181695999999,0.0,0.5
2017-01-27 04:00:00,7186.0,4927.762489999999,0.025,0.5
2017-01-27 06:00:00,4216.0,4329.167754339999,0.0,0.5
2017-01-27 08:00:00,4043.0,4043.0,0.025,0.5
2017-01-27 10:00:00,7711.0,6995.317459999999,0.1,0.5
2017-01-27 12:00:00,10571.0,21859.6,0.075,0.5
2017-01-27 14:00:00,20779.0,17761.7,0.15,0.5
2017-01-27 16:00:00,16256.0,9360.42,0.175,0.5
2017-01-27 18:00:00,17195.0,9360.42,0.05,0.5
2017-01-27 20:00:00,13784.0,8273.002171999999,0.325,0.5
2017-01-27 22:00:00,7836.0,7836.0,0.15,0.5
2017-01-28 00:00:00,7860.0,7831.361799999999,0.0,0.5
2017-01-28 02:00:00,7389.0,7389.0,0.0,0.5
2017-01-28 04:00:00,6476.0,6476.0,0.0,0.5
2017-01-28 06:00:00,4070.0,4185.696146699999,0.0,0.5
2017-01-28 08:00:00,4009.0,7686.555098422397,0.025,0.5
2017-01-28 10:00:00,7138.0,10571.0,0.1,0.5
2017-01-28 12:00:00,7526.0,6535.091689999998,0.25,0.5
2017-01-28 14:00:00,8110.0,6535.091689999998,0.0,0.5
2017-01-28 16:00:00,6756.0,6756.0,0.05,0.5
2017-01-28 18:00:00,6985.0,6995.317459999999,0.05,0.5
2017-01-28 20:00:00,6875.0,6737.4526106982985,0.0,0.5
2017-01-28 22:00:00,5385.0,6737.4526106982985,0.15,0.5
2017-01-29 00:00:00,6286.0,6286.0,0.025,0.5
2017-01-29 02:00:00,6844.0,6844.0,0.0,0.5
2017-01-29 04:00:00,5991.0,4007.2569999999996,0.025,0.5
2017-01-29 06:00:00,3875.0,4637.196049439899,0.025,0.5
2017-01-29 08:00:00,3755.0,3755.0,0.0,0.5
2017-01-29 10:00:00,6955.0,7496.727187199998,0.1,0.5
2017-01-29 12:00:00,6598.0,6598.0,0.15,0.5
2017-01-29 14:00:00,6025.0,7161.020013099998,0.075,0.5
2017-01-29 16:00:00,5382.0,5382.0,0.025,0.5
2017-01-29 18:00:00,6538.0,6538.0,0.0,0.5
2017-01-29 20:00:00,6274.0,5413.118025958599,0.0,0.5
2017-01-29 22:00:00,5036.0,5413.118025958599,0.025,0.5
2017-01-30 00:00:00,6299.0,6866.7463014099985,0.025,0.5
2017-01-30 02:00:00,6758.0,6758.0,0.0,0.5
2017-01-30 04:00:00,6370.0,6370.0,0.0,0.5
2017-01-30 06:00:00,4030.0,4007.2569999999996,0.0,0.5
2017-01-30 08:00:00,3935.0,3935.0,0.05,0.5
2017-01-30 10:00:00,7651.0,8114.916526013499,0.1,0.5
2017-01-30 12:00:00,11533.0,11533.0,0.075,0.5
2017-01-30 14:00:00,21704.0,18237.339999999997,0.175,0.5
2017-01-30 16:00:00,17934.0,13821.099999999999,0.025,0.5
2017-01-30 18:00:00,20506.0,17092.8,0.0,0.5
2017-01-30 20:00:00,18081.0,20441.139999999996,0.25,0.5
2017-01-30 22:00:00,10299.0,10299.0,0.025,0.5
2017-01-31 00:00:00,8755.0,8755.0,0.0,0.5
2017-01-31 02:00:00,7748.0,7748.0,0.0,0.5
2017-01-31 04:00:00,6546.0,5413.118025958599,0.0,0.5
2017-01-31 06:00:00,4489.0,3990.3559299999997,0.025,0.5
2017-01-31 08:00:00,4187.0,7675.888568895678,0.075,0.5
2017-01-31 10:00:00,7549.0,11609.3,0.1,0.5
2017-01-31 12:00:00,11454.0,11454.0,0.075,0.67264953476189926
2017-01-31 14:00:00,22496.0,17945.2,0.025,0.71425987140215519
2017-01-31 16:00:00,18256.0,18256.0,0.025,0.69210000996368959
2017-01-31 18:00:00,20210.0,20210.0,0.025,0.69210000996368959
2017-01-31 20:00:00,16605.0,16605.0,0.025,0.64920688043550201
2017-01-31 22:00:00,9421.0,9421.0,0.05,0.55800649107030542
2017-02-01 00:00:00,8090.0,6548.222449669999,0.0,0.55800649107030542
2017-02-01 02:00:00,7743.0,6548.222449669999,0.0,0.60432134242902436
2017-02-01 04:00:00,6518.0,3990.3559299999997,0.0,0.73251702184908662
2017-02-01 06:00:00,4471.0,4471.0,0.0,0.86323506098521618
2017-02-01 08:00:00,3841.0,7675.888568895678,0.05,0.88755001338444339
2017-02-01 10:00:00,8184.0,11454.0,0.075,0.83555154296990886
2017-02-01 12:00:00,11438.0,11438.0,0.05,0.79980036892734008
2017-02-01 14:00:00,22918.0,5413.118025958599,0.05,0.76375556034755365
2017-02-01 16:00:00,17264.0,18534.64,0.025,0.76375556034755365
2017-02-01 18:00:00,20555.0,18078.2,0.0,0.83232191797607036
2017-02-01 20:00:00,16526.0,16526.0,0.0,0.83232191797607036
2017-02-01 22:00:00,9466.0,7951.009019249999,0.0,0.83232191797607036
2017-02-02 00:00:00,8165.0,8165.0,0.0,0.83232191797607036
2017-02-02 02:00:00,7757.0,7757.0,0.0,0.83232191797607036
2017-02-02 04:00:00,6884.0,5413.118025958599,0.0,0.88653932217385012
2017-02-02 06:00:00,4147.0,4147.0,0.025,0.92692607149803541
2017-02-02 08:00:00,3965.0,3965.0,0.0,0.95526682144280928
2017-02-02 10:00:00,7813.0,11449.199999999999,0.0,0.97400191290237603
2017-02-02 12:00:00,10943.0,10943.0,0.0,0.9805686834573335
2017-02-02 14:00:00,21026.0,17279.056999999997,0.175,0.8865393291908843
2017-02-02 16:00:00,17888.0,20545.445,0.0,0.8865393291908843
2017-02-02 18:00:00,19460.0,16191.089999999997,0.0,0.8865393291908843
2017-02-02 20:00:00,16098.0,9532.180799999998,0.025,0.86122829873593498
2017-02-02 22:00:00,8408.0,4329.167754339999,0.175,0.5903881006123165
2017-02-03 00:00:00,7609.0,7790.732977725998,0.025,0.54223676158158485
2017-02-03 02:00:00,7340.0,7340.0,0.025,0.54223676158158485
2017-02-03 04:00:00,6369.0,4174.3611118829995,0.05,0.55522576711119909
2017-02-03 06:00:00,4248.0,4248.0,0.0,0.55522576711119909
2017-02-03 08:00:00,3861.0,3861.0,0.0,0.55522576711119909
2017-02-03 10:00:00,7390.0,10943.0,0.025,0.72439983107793215
2017-02-03 12:00:00,10650.0,10650.0,0.05,0.6372119791152121
2017-02-03 14:00:00,20610.0,17928.04,0.15,0.64944467462551925
2017-02-03 16:00:00,16451.0,19483.625,0.15,0.84042027320691715
2017-02-03 18:00:00,17956.0,13821.099999999999,0.05,0.64944469153462425
2017-02-03 20:00:00,14241.0,7790.732977725998,0.35,0.97592095067621476
2017-02-03 22:00:00,8455.0,8455.0,0.175,0.99664403280469416
2017-02-04 00:00:00,7368.0,7790.732977725998,0.0,0.99316581348863497
2017-02-04 02:00:00,7152.0,6539.155714768999,0.0,0.99316581348863497
2017-02-04 04:00:00,6512.0,4481.021310319999,0.0,0.99316581348863497
2017-02-04 06:00:00,4118.0,3844.8292999999994,0.0,0.99044529312080742
2017-02-04 08:00:00,3947.0,7360.036277401568,0.05,0.99044529312080742
2017-02-04 10:00:00,7261.0,6531.009000338299,0.1,0.98206701284721765
2017-02-04 12:00:00,7010.0,7010.0,0.2,0.99044529218595756
2017-02-04 14:00:00,8243.0,8243.0,0.25,0.99955500250800278
2017-02-04 16:00:00,6270.0,5761.32,0.025,0.95827631506979705
2017-02-04 18:00:00,7029.0,6871.922410986998,0.025,0.84042026655774604
2017-02-04 20:00:00,7590.0,6871.922410986998,0.0,0.84042026655774604
2017-02-04 22:00:00,5698.0,6272.246988799999,0.125,0.94614279363404241
2017-02-05 00:00:00,6233.0,6531.009000338299,0.025,0.95827631669722013
2017-02-05 02:00:00,6439.0,4172.916944822669,0.025,0.96809446952102951
2017-02-05 04:00:00,5822.0,4172.916944822669,0.0,0.94614279363404241
2017-02-05 06:00:00,4213.0,3713.2127999999993,0.0,0.86835731518939441
2017-02-05 08:00:00,3447.0,7330.325394181098,0.075,0.69367508412181689
2017-02-05 10:00:00,6761.0,6761.0,0.2,0.60308817049470198
2017-02-05 12:00:00,6416.0,10777.3,0.05,0.64944467800734029
2017-02-05 14:00:00,6736.0,6736.0,0.15,0.84042027542330755
2017-02-05 16:00:00,5730.0,5730.0,0.0,0.84042027542330755
2017-02-05 18:00:00,6019.0,7001.517222145999,0.0,0.64944468815280332
2017-02-05 20:00:00,6320.0,6260.472892159998,0.0,0.60308818104901496
2017-02-05 22:00:00,5295.0,6260.472892159998,0.075,0.69367510333633575
2017-02-06 00:00:00,5997.0,6379.32829031346,0.025,0.73524942192709231
2017-02-06 02:00:00,6505.0,6379.32829031346,0.025,0.77374609278632933
2017-02-06 04:00:00,6168.0,4184.941861375868,0.0,0.64944468815280332
2017-02-06 06:00:00,4029.0,3972.0244056999995,0.0,0.72439981278988397
2017-02-06 08:00:00,3894.0,3894.0,0.05,0.72439981278988397
2017-02-06 10:00:00,7125.0,7001.517222145999,0.1,0.79980036892734008
2017-02-06 12:00:00,10904.0,10904.0,0.075,0.68206795566449263
2017-02-06 14:00:00,22619.0,17279.056999999997,0.025,0.63721196200106367
2017-02-06 16:00:00,18871.0,18871.0,0.025,0.59038807224041256
2017-02-06 18:00:00,20709.0,20709.0,0.025,0.68206795891879446
2017-02-06 20:00:00,17341.0,10292.0,0.025,0.68206795891879446
2017-02-06 22:00:00,10347.0,8140.7863684226295,0.05,0.63721196542389325
2017-02-07 00:00:00,7764.0,7330.325394181098,0.025,0.59038807578690067
2017-02-07 02:00:00,7457.0,7457.0,0.0,0.59038807578690067
2017-02-07 04:00:00,6816.0,4184.941861375868,0.05,0.59038807578690067
2017-02-07 06:00:00,4813.0,4813.0,0.0,0.76375556034755365
2017-02-07 08:00:00,4575.0,7495.786321727997,0.0,0.86122829267934908
2017-02-07 10:00:00,8013.0,8013.0,0.0,0.88653932392810875
2017-02-07 12:00:00,11643.0,11643.0,0.05,0.86122829267934908
2017-02-07 14:00:00,22706.0,22706.0,0.025,0.86122829267934908
2017-02-07 16:00:00,18243.0,18243.0,0.0,0.88653932392810875
2017-02-07 18:00:00,20368.0,20368.0,0.0,0.92692607149803541
2017-02-07 20:00:00,16197.0,8425.20366,0.0,0.94245787181538287
2017-02-07 22:00:00,9372.0,9372.0,0.0,0.94245787181538287
2017-02-08 00:00:00,8275.0,8275.0,0.0,0.96567318752756859
2017-02-08 02:00:00,7690.0,7690.0,0.0,0.96567318752756859
2017-02-08 04:00:00,6975.0,6975.0,0.025,0.95526682144280928
2017-02-08 06:00:00,4275.0,4275.0,0.025,0.94245787181538287
2017-02-08 08:00:00,4302.0,4302.0,0.0,0.96567318752756859
2017-02-08 10:00:00,7868.0,7868.0,0.0,0.97400191290237603
2017-02-08 12:00:00,11557.0,11557.0,0.0,0.97400191290237603
2017-02-08 14:00:00,22244.0,22244.0,0.0,0.97400191290237603
2017-02-08 16:00:00,17848.0,17848.0,0.0,0.97400191290237603
2017-02-08 18:00:00,20592.0,20592.0,0.0,0.97400191290237603
2017-02-08 20:00:00,16797.0,16797.0,0.0,0.97400191290237603
2017-02-08 22:00:00,9056.0,9056.0,0.0,0.97400191290237603
2017-02-09 00:00:00,8185.0,8185.0,0.0,0.9805686834573335
2017-02-09 02:00:00,8156.0,6993.562055502199,0.025,0.9805686834573335
2017-02-09 04:00:00,6943.0,6943.0,0.025,0.97400191290237603
2017-02-09 06:00:00,4688.0,4688.0,0.0,0.97400191290237603
2017-02-09 08:00:00,4349.0,4349.0,0.0,0.97400191290237603
2017-02-09 10:00:00,7973.0,11600.687,0.0,0.97400191290237603
2017-02-09 12:00:00,8540.0,8154.635320527088,0.6,0.8404202887216492
2017-02-09 14:00:00,11078.0,11078.0,0.325,0.99517795292633027
2017-02-09 16:00:00,9790.0,17909.899599999997,0.525,0.99999987670212165
2017-02-09 18:00:00,9696.0,17909.899599999997,1.0,0.999
2017-02-09 20:00:00,9488.0,9488.0,0.25,0.999
2017-02-09 22:00:00,7029.0,6379.32829031346,0.0,0.999
2017-02-10 00:00:00,7155.0,6523.2063002368095,0.025,0.999
2017-02-10 02:00:00,7101.0,6232.731024511998,0.025,0.999
2017-02-10 04:00:00,6716.0,6716.0,0.025,0.999
2017-02-10 06:00:00,4157.0,3859.58051,0.025,0.999
2017-02-10 08:00:00,4048.0,7135.526705145308,0.05,0.999
2017-02-10 10:00:00,7467.0,10931.3,0.1,0.999
2017-02-10 12:00:00,9733.0,8267.30106428,0.175,0.99998675484525812
2017-02-10 14:00:00,19555.0,16256.0,0.6,0.99776318037588352
2017-02-10 16:00:00,16617.0,20726.247999999996,0.0,0.97688457364201775
2017-02-10 18:00:00,16664.0,16604.68,0.625,0.99998078930176049
2017-02-10 20:00:00,13642.0,8425.20366,0.05,0.9999867548500726
2017-02-10 22:00:00,8309.0,8309.0,0.375,0.99999996494117038
2017-02-11 00:00:00,7456.0,7135.526705145308,0.0,0.999
2017-02-11 02:00:00,7092.0,7092.0,0.0,0.999
2017-02-11 04:00:00,6192.0,4006.781958793,0.0,0.999
2017-02-11 06:00:00,4109.0,4006.781958793,0.0,0.999
2017-02-11 08:00:00,3563.0,6736.287571828661,0.05,0.999
2017-02-11 10:00:00,7348.0,9699.114959999999,0.1,0.99517125551857211
2017-02-11 12:00:00,6881.0,6881.0,0.175,0.99926979063166721
2017-02-11 14:00:00,7844.0,7844.0,0.125,0.93104789580600955
2017-02-11 16:00:00,6705.0,7652.252779131217,0.0,0.90553674823933461
2017-02-11 18:00:00,6594.0,6379.32829031346,0.0,0.51581999178106352
2017-02-11 20:00:00,7116.0,5308.7304875273985,0.025,0.5495818588711181
2017-02-11 22:00:00,5302.0,5308.7304875273985,0.125,0.70860148006692558
2017-02-12 00:00:00,6291.0,6726.901300280063,0.0,0.70860148006692558
2017-02-12 02:00:00,6743.0,4156.2915120741745,0.0,0.70860148006692558
2017-02-12 04:00:00,6103.0,7652.252779131217,0.0,0.64781356564201054
2017-02-12 06:00:00,3832.0,6993.575407196076,0.0,0.51581998925834083
2017-02-12 08:00:00,3790.0,4321.44953973862,0.0,0.71052290796465867
2017-02-12 10:00:00,6858.0,6862.901981383629,0.025,0.81451876400612644
2017-02-12 12:00:00,6083.0,6083.0,0.125,0.68081292885549227
2017-02-12 14:00:00,6207.0,6207.0,0.0,0.68081292885549227
2017-02-12 16:00:00,5270.0,5270.0,0.05,0.64989369641509542
2017-02-12 18:00:00,5268.0,5268.0,0.0,0.79095295019401557
2017-02-12 20:00:00,6214.0,6544.444410165766,0.0,0.79095295019401557
2017-02-12 22:00:00,5368.0,6226.08251898533,0.0,0.79095295019401557
2017-02-13 00:00:00,5795.0,6056.795466700089,0.025,0.76571032086380453
2017-02-13 02:00:00,6065.0,6056.795466700089,0.0,0.76571032086380453
2017-02-13 04:00:00,5960.0,3832.9144498999995,0.0,0.76571032086380453
2017-02-13 06:00:00,3466.0,3832.9144498999995,0.0,0.79095295019401557
2017-02-13 08:00:00,3788.0,6861.431386968541,0.0,0.89147881742654211
2017-02-13 10:00:00,6525.0,6525.0,0.075,0.83636108495080097
2017-02-13 12:00:00,10475.0,10475.0,0.475,0.67880649652413949
2017-02-13 14:00:00,20731.0,16503.5,0.15,0.83497233958172612
2017-02-13 16:00:00,18495.0,18495.0,0.025,0.85518694823881258
2017-02-13 18:00:00,19171.0,19171.0,0.525,0.99776317931003278
2017-02-13 20:00:00,16109.0,13634.3,0.125,0.99926979045613418
2017-02-13 22:00:00,9746.0,9518.926559999998,0.025,0.99945725202079072
2017-02-14 00:00:00,8086.0,8086.0,0.0,0.99945725202079072
2017-02-14 02:00:00,7699.0,6993.575407196076,0.0,0.99945725202079072
2017-02-14 04:00:00,6687.0,6687.0,0.025,0.99959930646480166
2017-02-14 06:00:00,4289.0,4289.0,0.025,0.99926979044017661
2017-02-14 08:00:00,4197.0,4197.0,0.025,0.9508874963678422
2017-02-14 10:00:00,7597.0,7597.0,0.0,0.87366368234881264
2017-02-14 12:00:00,10980.0,5287.388557221897,0.0,0.8551869280626172
2017-02-14 14:00:00,22879.0,22879.0,0.025,0.73886582265914025
2017-02-14 16:00:00,18561.0,18561.0,0.0,0.85646051947757895
2017-02-14 18:00:00,19981.0,16154.019869999996,0.0,0.87482325224604818
2017-02-14 20:00:00,16397.0,16397.0,0.0,0.87482325224604818
2017-02-14 22:00:00,9301.0,9301.0,0.0,0.87482325224604818
2017-02-15 00:00:00,7916.0,7916.0,0.0,0.89147881742654211
2017-02-15 02:00:00,7480.0,7480.0,0.0,0.90647739198941668
2017-02-15 04:00:00,7071.0,7071.0,0.0,0.91988678594442752
2017-02-15 06:00:00,4550.0,4550.0,0.0,0.91988678594442752
2017-02-15 08:00:00,4094.0,4094.0,0.0,0.91988678594442752
2017-02-15 10:00:00,8167.0,8167.0,0.0,0.93178924963191545
2017-02-15 12:00:00,11568.0,22268.631599999993,0.0,0.93178924963191545
2017-02-15 14:00:00,22394.0,18242.956599999998,0.025,0.91988678594442752
2017-02-15 16:00:00,18303.0,16622.476,0.0,0.91988678594442752
2017-02-15 18:00:00,20705.0,20705.0,0.075,0.87482325094201685
2017-02-15 20:00:00,16576.0,16576.0,0.025,0.85646051804497958
2017-02-15 22:00:00,9937.0,9937.0,0.025,0.83636108495080097
2017-02-16 00:00:00,7998.0,7998.0,0.0,0.83636108495080097
2017-02-16 02:00:00,8216.0,8216.0,0.0,0.83636108495080097
2017-02-16 04:00:00,7026.0,7026.0,0.0,0.83636108495080097
2017-02-16 06:00:00,4286.0,4286.0,0.0,0.83636108495080097
2017-02-16 08:00:00,4206.0,4206.0,0.0,0.83636108495080097
2017-02-16 10:00:00,8320.0,8320.0,0.0,0.85646051804497958
2017-02-16 12:00:00,11623.0,11623.0,0.0,0.85646051804497958
2017-02-16 14:00:00,22508.0,18356.199999999997,0.025,0.89147881742654211
2017-02-16 16:00:00,19031.0,20720.871519999993,0.075,0.85646051804497958
2017-02-16 18:00:00,20190.0,20190.0,0.025,0.85646051804497958
2017-02-16 20:00:00,16962.0,16962.0,0.0,0.85646051804497958
2017-02-16 22:00:00,9694.0,8143.931307058272,0.0,0.85646051804497958
2017-02-17 00:00:00,8057.0,8057.0,0.0,0.85646051804497958
2017-02-17 02:00:00,7891.0,7019.561949526076,0.0,0.85646051804497958
2017-02-17 04:00:00,7162.0,7162.0,0.0,0.85646051804497958
2017-02-17 06:00:00,4686.0,4686.0,0.025,0.83636108495080097
2017-02-17 08:00:00,4661.0,8278.467265048039,0.025,0.81451876062214301
2017-02-17 10:00:00,8483.0,8483.0,0.0,0.83636108495080097
2017-02-17 12:00:00,11783.0,22475.230199999995,0.025,0.87482325224604818
2017-02-17 14:00:00,20981.0,18534.223599999998,0.075,0.83636108495080097
2017-02-17 16:00:00,16509.0,20572.968049999996,0.025,0.81451876062214301
2017-02-17 18:00:00,17582.0,14264.73,0.025,0.79095294655599635
2017-02-17 20:00:00,13807.0,8442.542561999999,0.425,0.7370390440059551
2017-02-17 22:00:00,8694.0,8694.0,0.2,0.90553675995627925
2017-02-18 00:00:00,8027.0,7132.969659864841,0.0,0.90553675995627925
2017-02-18 02:00:00,8277.0,7132.969659864841,0.0,0.89043067668469544
2017-02-18 04:00:00,7200.0,4164.106988641442,0.0,0.67956329506387037
2017-02-18 06:00:00,4570.0,6538.611087116036,0.0,0.67956329506387037
2017-02-18 08:00:00,4480.0,3819.4401149299993,0.025,0.67956329506387037
2017-02-18 10:00:00,7287.0,6059.256826690062,0.0,0.62707499173587244
2017-02-18 12:00:00,7918.0,6718.311637137231,0.2,0.7441823774140035
2017-02-18 14:00:00,8444.0,8444.0,0.05,0.75920497908714313
2017-02-18 16:00:00,6455.0,5767.251131999999,0.0,0.54100616474133545
2017-02-18 18:00:00,6968.0,5767.251131999999,0.075,0.63316149578547731
2017-02-18 20:00:00,7442.0,7953.853526174018,0.025,0.61515655735712937
2017-02-18 22:00:00,6007.0,7467.524595846891,0.075,0.55978446318684716
2017-02-19 00:00:00,6924.0,6043.579778683043,0.025,0.54100616193525708
2017-02-19 02:00:00,6325.0,4629.957990029363,0.0,0.54100616193525708
2017-02-19 04:00:00,2980.0,4164.106988641442,0.05,0.52213589750539713
2017-02-19 06:00:00,4513.0,7467.524595846891,0.15,0.59064655042481284
2017-02-19 08:00:00,4185.0,7321.039443148738,0.375,0.7127327087019163
2017-02-19 10:00:00,7095.0,7953.853526174018,0.0,0.67956329126860837
2017-02-19 12:00:00,6431.0,6431.0,0.175,0.78775483665488355
2017-02-19 14:00:00,6878.0,6878.0,0.0,0.74418237059071968
2017-02-19 16:00:00,5611.0,7135.655133333771,0.0,0.72868463833510355
2017-02-19 18:00:00,5611.0,5928.786264691998,0.025,0.69635018038462104
2017-02-19 20:00:00,7008.0,7008.0,0.0,0.67956328494317164
2017-02-19 22:00:00,5524.0,5524.0,0.0,0.67956328494317164
2017-02-20 00:00:00,6567.0,6567.0,0.0,0.64489353744775857
2017-02-20 02:00:00,6614.0,6614.0,0.0,0.53460332175776115
2017-02-20 04:00:00,6279.0,5399.582618171019,0.075,0.68531015028941811
2017-02-20 06:00:00,3966.0,3966.0,0.0,0.68531015028941811
2017-02-20 08:00:00,4103.0,4103.0,0.0,0.7924001371954108
2017-02-20 10:00:00,7575.0,7953.853526174018,0.0,0.7924001371954108
2017-02-20 12:00:00,7724.0,8442.979793399998,0.225,0.65087812738000927
2017-02-20 14:00:00,8373.0,6718.311637137231,0.025,0.65087812738000927
2017-02-20 16:00:00,7295.0,6394.544603577516,0.15,0.54100616754741382
2017-02-20 18:00:00,7823.0,9518.926559999998,0.1,0.53460332737851157
2017-02-20 20:00:00,8689.0,7800.254611566408,0.15,0.6448935427134066
2017-02-20 22:00:00,5831.0,5831.0,0.0,0.6448935427134066
2017-02-21 00:00:00,6875.0,6875.0,0.0,0.5906465435551731
2017-02-21 02:00:00,7048.0,7048.0,0.025,0.60898030541514492
2017-02-21 04:00:00,6519.0,3994.5473711550994,0.075,0.66240072449257992
2017-02-21 06:00:00,4174.0,4150.162424434306,0.025,0.679563290003521
2017-02-21 08:00:00,4326.0,4326.0,0.025,0.53460333721482489
2017-02-21 10:00:00,8061.0,7800.254611566408,0.05,0.55341758228761107
2017-02-21 12:00:00,11110.0,11110.0,0.025,0.54100616053221795
2017-02-21 14:00:00,19805.0,18534.223599999998,0.125,0.52213589750539713
2017-02-21 16:00:00,15999.0,9707.426330399998,0.125,0.54100616614437458
2017-02-21 18:00:00,18532.0,13816.869999999999,0.0,0.54100616614437458
2017-02-21 20:00:00,14611.0,8729.8331,0.1,0.53460332878369932
2017-02-21 22:00:00,8473.0,8473.0,0.0,0.51571140070744814
2017-02-22 00:00:00,7923.0,7135.655133333771,0.0,0.54100616754741382
2017-02-22 02:00:00,7574.0,6552.732602880798,0.0,0.5597844687653637
2017-02-22 04:00:00,6394.0,6241.957763289731,0.0,0.57842922992440693
2017-02-22 06:00:00,4128.0,4500.540309439759,0.025,0.59689976833176028
2017-02-22 08:00:00,3972.0,7467.524595846891,0.025,0.59689976833176028
2017-02-22 10:00:00,7579.0,11093.823,0.1,0.61515656005976593
2017-02-22 12:00:00,11399.0,11399.0,0.125,0.61515656005976593
2017-02-22 14:00:00,19958.0,15989.969999999998,0.025,0.59689976696307789
2017-02-22 16:00:00,16168.0,18533.55652,0.025,0.65087812345487084
2017-02-22 18:00:00,18930.0,18930.0,0.0,0.65087812345487084
2017-02-22 20:00:00,15669.0,8437.290098766,0.0,0.65087812345487084
2017-02-22 22:00:00,9242.0,8100.796340458552,0.0,0.65087812345487084
2017-02-23 00:00:00,7660.0,7660.0,0.0,0.65087812345487084
2017-02-23 02:00:00,7556.0,7556.0,0.0,0.6682718466252775
2017-02-23 04:00:00,6515.0,6515.0,0.0,0.68531014903397258
2017-02-23 06:00:00,4103.0,4103.0,0.0,0.74934046159924683
2017-02-23 08:00:00,4441.0,4441.0,0.0,0.81850573331260346
2017-02-23 10:00:00,7839.0,7839.0,0.0,0.83075148420369094
2017-02-23 12:00:00,11111.0,11111.0,0.0,0.84245357521960706
2017-02-23 14:00:00,20554.0,16482.785,0.0,0.84245357521960706
2017-02-23 16:00:00,16213.0,19000.699999999997,0.0,0.84245357521960706
2017-02-23 18:00:00,18598.0,14622.899999999998,0.025,0.83075148420369094
2017-02-23 20:00:00,15994.0,15994.0,0.0,0.83075148420369094
2017-02-23 22:00:00,8748.0,7618.118576212008,0.025,0.81850573331260346
2017-02-24 00:00:00,8233.0,8233.0,0.0,0.81850573331260346
2017-02-24 02:00:00,6886.0,6886.0,0.025,0.80571988413982654
2017-02-24 04:00:00,6895.0,6895.0,0.0,0.80571988413982654
2017-02-24 06:00:00,4212.0,4212.0,0.0,0.80571988413982654
2017-02-24 08:00:00,4057.0,4057.0,0.0,0.80571988413982654
2017-02-24 10:00:00,7775.0,7775.0,0.0,0.80571988413982654
2017-02-24 12:00:00,10285.0,11098.9761,0.0,0.80571988413982654
2017-02-24 14:00:00,18383.0,16174.649736299996,0.3,0.63316149179195658
2017-02-24 16:00:00,15052.0,18552.889563999997,0.125,0.54100616053221795
2017-02-24 18:00:00,15946.0,15946.0,0.875,0.93453744239637915
2017-02-24 20:00:00,13317.0,7800.814759667539,0.05,0.94579397735345716
2017-02-24 22:00:00,8513.0,8513.0,0.075,0.95546081151543127
2017-02-25 00:00:00,7326.0,8546.638219999999,0.0,0.95546081151543127
2017-02-25 02:00:00,7085.0,7085.0,0.0,0.95546081151543127
2017-02-25 04:00:00,6650.0,4158.004598106676,0.025,0.9597448933486119
2017-02-25 06:00:00,4503.0,4008.5482118659984,0.05,0.96730928873377242
2017-02-25 08:00:00,4172.0,7618.118576212008,0.075,0.97642792318994487
2017-02-25 10:00:00,7410.0,11434.14,0.1,0.94579397657583919
2017-02-25 12:00:00,6742.0,6742.0,0.15,0.95081681175618371
2017-02-25 14:00:00,7904.0,7317.059327142881,0.025,0.51571140775446245
2017-02-25 16:00:00,6347.0,5576.405121369999,0.0,0.5221358946887471
2017-02-25 18:00:00,6238.0,6238.0,0.0,0.57842922300865063
2017-02-25 20:00:00,7089.0,7089.0,0.0,0.57842922300865063
2017-02-25 22:00:00,5501.0,5501.0,0.0,0.57842922300865063
2017-02-26 00:00:00,5926.0,5926.0,0.0,0.59689976148834867
2017-02-26 02:00:00,6537.0,6240.770434302811,0.0,0.63316149312313008
2017-02-26 04:00:00,6348.0,6348.0,0.1,0.61515655600581098
2017-02-26 06:00:00,3656.0,7121.658593333639,0.025,0.66827184277602802
2017-02-26 08:00:00,3356.0,4162.203218674673,0.05,0.7340019399488712
2017-02-26 10:00:00,6643.0,6643.0,0.425,0.55341757949194359
2017-02-26 12:00:00,6135.0,6135.0,0.0,0.55572292857428085
2017-02-26 14:00:00,6259.0,5576.405121369999,0.0,0.55572292857428085
2017-02-26 16:00:00,4698.0,6540.088975411591,0.2,0.70661543892094714
2017-02-26 18:00:00,5880.0,7038.1600240812095,0.025,0.72372644319646828
2017-02-26 20:00:00,6216.0,6216.0,0.0,0.72372644319646828
2017-02-26 22:00:00,4859.0,6237.167512808377,0.1,0.7868801151220467
2017-02-27 00:00:00,6204.0,6204.0,0.0,0.72372644319646828
2017-02-27 02:00:00,6046.0,6046.0,0.0,0.70661543892094714
2017-02-27 04:00:00,6317.0,6317.0,0.1,0.74033269203622076
2017-02-27 06:00:00,3603.0,3389.978461999999,0.025,0.56450791578189941
2017-02-27 08:00:00,3889.0,7468.847051964975,0.025,0.5445822576160938
2017-02-27 10:00:00,7677.0,6690.65089153807,0.1,0.53574124964024805
2017-02-27 12:00:00,11546.0,11546.0,0.1,0.5445822576160938
2017-02-27 14:00:00,21923.0,15977.625299999996,0.025,0.5445822576160938
2017-02-27 16:00:00,17941.0,17941.0,0.025,0.52454379111714078
2017-02-27 18:00:00,19968.0,19968.0,0.0,0.60382336509462031
2017-02-27 20:00:00,16576.0,16576.0,0.025,0.58427109845768443
2017-02-27 22:00:00,9311.0,8264.51895987354,0.0,0.58427109845768443
2017-02-28 00:00:00,8091.0,8091.0,0.0,0.66075598734876684
2017-02-28 02:00:00,7665.0,7665.0,0.0,0.67901671937914343
2017-02-28 04:00:00,7053.0,7053.0,0.0,0.69685440450249647
2017-02-28 06:00:00,3972.0,4162.203218674673,0.025,0.74750084739855538
2017-02-28 08:00:00,4216.0,4216.0,0.0,0.80739614132262516
2017-02-28 10:00:00,8107.0,8107.0,0.0,0.82089066549692469
2017-02-28 12:00:00,11755.0,11755.0,0.025,0.82089066549692469
2017-02-28 14:00:00,23481.0,23481.0,0.1,0.76333445583143256
2017-02-28 16:00:00,17653.0,20204.0,0.05,0.74750084739855538
2017-02-28 18:00:00,19674.0,16174.649736299996,0.025,0.73112606551984394
2017-02-28 20:00:00,16403.0,16403.0,0.05,0.69685440450249647
2017-02-28 22:00:00,9001.0,8437.290098766,0.025,0.67901671937914343
2017-03-01 00:00:00,8131.0,8131.0,0.0,0.67901671937914343
2017-03-01 02:00:00,7399.0,7399.0,0.0,0.69685440450249647
2017-03-01 04:00:00,6928.0,6928.0,0.0,0.69685440450249647
2017-03-01 06:00:00,4260.0,4178.342253072271,0.0,0.69685440450249647
2017-03-01 08:00:00,4379.0,4379.0,0.0,0.71423460651625903
2017-03-01 10:00:00,8068.0,8068.0,0.0,0.77860590652260664
2017-03-01 12:00:00,11349.0,11349.0,0.0,0.80739614132262516
2017-03-01 14:00:00,22325.0,17919.229719999996,0.075,0.77860590540619201
2017-03-01 16:00:00,17337.0,19619.12,0.05,0.77860590540619201
2017-03-01 18:00:00,19411.0,16458.849499999997,0.075,0.74750084499827829
2017-03-01 20:00:00,15596.0,9039.881219999997,0.15,0.64210962923267301
2017-03-01 22:00:00,9174.0,8097.204101344098,0.0,0.64210962923267301
2017-03-02 00:00:00,8210.0,8210.0,0.0,0.64210962923267301
2017-03-02 02:00:00,7542.0,6897.80738524546,0.0,0.64210962923267301
2017-03-02 04:00:00,7062.0,7062.0,0.0,0.64210962923267301
2017-03-02 06:00:00,4348.0,4348.0,0.0,0.64210962923267301
2017-03-02 08:00:00,4236.0,4236.0,0.0,0.64210962923267301
2017-03-02 10:00:00,8024.0,8024.0,0.0,0.69685440056536607
2017-03-02 12:00:00,11203.0,11203.0,0.0,0.73112606180107442
2017-03-02 14:00:00,22372.0,17296.439899999998,0.0,0.77860590428977738
2017-03-02 16:00:00,17458.0,19461.837499999998,0.0,0.85769842894309933
2017-03-02 18:00:00,19973.0,15596.0,0.025,0.84604378506532374
2017-03-02 20:00:00,16201.0,16201.0,0.025,0.83377440799754909
2017-03-02 22:00:00,9395.0,8248.163271911479,0.0,0.83377440799754909
2017-03-03 00:00:00,7855.0,7855.0,0.0,0.83377440799754909
2017-03-03 02:00:00,7851.0,7048.428411799792,0.0,0.83377440799754909
2017-03-03 04:00:00,7005.0,7005.0,0.0,0.83377440799754909
2017-03-03 06:00:00,4336.0,4336.0,0.0,0.83377440799754909
2017-03-03 08:00:00,4543.0,7827.249232237093,0.0,0.83377440799754909
2017-03-03 10:00:00,7734.0,7734.0,0.0,0.83377440799754909
2017-03-03 12:00:00,11031.0,11031.0,0.0,0.83377440799754909
2017-03-03 14:00:00,20253.0,15003.699999999997,0.0,0.84604378506532374
2017-03-03 16:00:00,15874.0,15874.0,0.05,0.83377440799754909
2017-03-03 18:00:00,17597.0,17597.0,0.5,0.5156689960601285
2017-03-03 20:00:00,13963.0,8735.283169999999,0.025,0.5357412436692397
2017-03-03 22:00:00,7807.0,7807.0,0.025,0.55572291818539254
2017-03-04 00:00:00,7181.0,6354.46175931896,0.0,0.55572291818539254
2017-03-04 02:00:00,7812.0,7035.399888259854,0.0,0.55572291818539254
2017-03-04 04:00:00,6504.0,4505.042326137836,0.025,0.57556392799560396
2017-03-04 06:00:00,4138.0,3840.308080450999,0.025,0.59521524583758467
2017-03-04 08:00:00,3833.0,7644.548102343882,0.025,0.61462927174989612
2017-03-04 10:00:00,7155.0,7155.0,0.125,0.70661542857724513
2017-03-04 12:00:00,7145.0,7145.0,0.025,0.68902908790826922
2017-03-04 14:00:00,8196.0,7804.714486657322,0.0,0.69685440581487346
2017-03-04 16:00:00,6497.0,6227.217258965863,0.025,0.69685440581487346
2017-03-04 18:00:00,6442.0,7144.385897513437,0.0,0.71423460779334569
2017-03-04 20:00:00,7016.0,7016.0,0.025,0.69685440581487346
2017-03-04 22:00:00,5732.0,5732.0,0.0,0.69685440581487346
2017-03-05 00:00:00,6214.0,6214.0,0.025,0.69685440581487346
2017-03-05 02:00:00,6333.0,6380.72323152327,0.0,0.71423460779334569
2017-03-05 04:00:00,5862.0,4650.370593020553,0.025,0.71423460779334569
2017-03-05 06:00:00,3869.0,4330.922106130495,0.0,0.79329776393069285
2017-03-05 08:00:00,3364.0,3364.0,0.0,0.80739614132262516
2017-03-05 10:00:00,6762.0,6762.0,0.0,0.80739614132262516
2017-03-05 12:00:00,6372.0,6372.0,0.05,0.79329776393069285
2017-03-05 14:00:00,6639.0,6519.58359795168,0.0,0.79329776393069285
2017-03-05 16:00:00,4826.0,5888.0334821525485,0.05,0.77860590652260664
2017-03-05 18:00:00,5722.0,6223.252081276104,0.0,0.77860590652260664
2017-03-05 20:00:00,6357.0,6357.0,0.0,0.79329776393069285
2017-03-05 22:00:00,5130.0,5888.0334821525485,0.025,0.77860590652260664
2017-03-06 00:00:00,5705.0,5705.0,0.0,0.79329776393069285
2017-03-06 02:00:00,6073.0,6073.0,0.0,0.79329776393069285
2017-03-06 04:00:00,5821.0,3847.3809594209897,0.025,0.77860590652260664
2017-03-06 06:00:00,3871.0,3382.184923399999,0.0,0.77860590652260664
2017-03-06 08:00:00,3667.0,6690.138936853654,0.0,0.80739614132262516
2017-03-06 10:00:00,7586.0,6364.759068412481,0.0,0.80739614132262516
2017-03-06 12:00:00,11183.0,11183.0,0.0,0.83377440799754909
2017-03-06 14:00:00,21459.0,16182.554815409996,0.05,0.80739614132262516
2017-03-06 16:00:00,18428.0,18428.0,0.0,0.80739614132262516
2017-03-06 18:00:00,18324.0,18324.0,0.025,0.80739614132262516
2017-03-06 20:00:00,10945.0,7804.714486657322,0.325,0.55231088981328025
2017-03-06 22:00:00,11909.0,6690.138936853654,0.8,0.94370090070400126
2017-03-07 00:00:00,8082.0,8082.0,0.025,0.94370090070400126
2017-03-07 02:00:00,7554.0,6519.58359795168,0.0,0.94370090070400126
2017-03-07 04:00:00,6652.0,6652.0,0.025,0.94953002619363747
2017-03-07 06:00:00,4210.0,3854.4666715946923,0.075,0.96417912012617979
2017-03-07 08:00:00,3932.0,7144.385897513437,0.025,0.96820754834305056
2017-03-07 10:00:00,7461.0,11584.161640999999,0.1,0.97514564387953595
2017-03-07 12:00:00,11233.0,11233.0,0.075,0.98314552869699989
2017-03-07 14:00:00,22846.0,22846.0,0.025,0.98314552869699989
2017-03-07 16:00:00,18239.0,19972.488999999994,0.0,0.9230006088942595
2017-03-07 18:00:00,18998.0,15977.625299999996,0.025,0.59440250808019712
2017-03-07 20:00:00,16329.0,9221.599999999999,0.0,0.61507690541815696
2017-03-07 22:00:00,9083.0,7804.714486657322,0.0,0.61507690541815696
2017-03-08 00:00:00,7662.0,7662.0,0.0,0.63542914682382179
2017-03-08 02:00:00,7430.0,7029.579921781897,0.0,0.69404243704143731
2017-03-08 04:00:00,7109.0,4330.922106130495,0.025,0.69404243704143731
2017-03-08 06:00:00,4357.0,4357.0,0.0,0.76488570919639443
2017-03-08 08:00:00,4133.0,4133.0,0.0,0.81143085060318998
2017-03-08 10:00:00,7542.0,7542.0,0.0,0.82558798634297381
2017-03-08 12:00:00,10239.0,18365.557599999996,0.0,0.82558798634297381
2017-03-08 14:00:00,21900.0,17452.05,0.05,0.81143085060318998
2017-03-08 16:00:00,16963.0,17596.621445599994,0.025,0.79658639211371152
2017-03-08 18:00:00,19183.0,15977.625299999996,0.0,0.79658639211371152
2017-03-08 20:00:00,15599.0,9221.599999999999,0.0,0.79658639211371152
2017-03-08 22:00:00,8915.0,7637.488570148502,0.0,0.79658639211371152
2017-03-09 00:00:00,8022.0,8022.0,0.0,0.81143085060318998
2017-03-09 02:00:00,7300.0,6364.759068412481,0.0,0.81143085060318998
2017-03-09 04:00:00,6887.0,4338.745474291347,0.05,0.78106603696539223
2017-03-09 06:00:00,3958.0,4171.390374962652,0.05,0.74806589441273208
2017-03-09 08:00:00,4112.0,4112.0,0.0,0.74806589441273208
2017-03-09 10:00:00,7965.0,7965.0,0.025,0.76488571042602826
2017-03-09 12:00:00,11087.0,11087.0,0.0,0.78106603696539223
2017-03-09 14:00:00,22403.0,16960.9329,0.0,0.78106603696539223
2017-03-09 16:00:00,17851.0,19972.488999999994,0.025,0.76488571042602826
2017-03-09 18:00:00,20375.0,15596.899999999998,0.025,0.74806589441273208
2017-03-09 20:00:00,16329.0,9052.816853999999,0.025,0.73063163388314467
2017-03-09 22:00:00,9583.0,7974.467452144066,0.0,0.73063163388314467
2017-03-10 00:00:00,7834.0,7834.0,0.0,0.76488571042602826
2017-03-10 02:00:00,7138.0,6894.565169671821,0.0,0.79658639211371152
2017-03-10 04:00:00,6200.0,4338.745474291347,0.0,0.79658639211371152
2017-03-10 06:00:00,4039.0,4153.573262473856,0.0,0.81143085060318998
2017-03-10 08:00:00,3639.0,3639.0,0.025,0.79658639211371152
2017-03-10 10:00:00,7527.0,7527.0,0.0,0.79658639211371152
2017-03-10 12:00:00,10223.0,21871.719999999998,0.025,0.79658639211371152
2017-03-10 14:00:00,19571.0,15874.0,0.05,0.78106603696539223
2017-03-10 16:00:00,16090.0,16090.0,0.05,0.76488571042602826
2017-03-10 18:00:00,16251.0,16251.0,0.45,0.59651536265943639
2017-03-10 20:00:00,13186.0,8546.638219999999,0.075,0.65741260944428137
2017-03-10 22:00:00,7446.0,7446.0,0.05,0.69595251373852418
2017-03-11 00:00:00,7276.0,7813.500140660125,0.0,0.69595251373852418
2017-03-11 02:00:00,6637.0,6637.0,0.0,0.69595251373852418
2017-03-11 04:00:00,5936.0,5936.0,0.0,0.67691999363120026
2017-03-11 06:00:00,3838.0,3877.7266701162844,0.025,0.69595251373852418
2017-03-11 08:00:00,3394.0,7487.271362171639,0.0,0.67691999363120026
2017-03-11 10:00:00,6851.0,6851.0,0.025,0.65741260944428137
2017-03-11 12:00:00,6752.0,6752.0,0.0,0.61715952571664667
2017-03-11 14:00:00,7998.0,6519.58359795168,0.0,0.7480658931363291
2017-03-11 16:00:00,6555.0,6364.759068412481,0.0,0.79658639211371152
2017-03-11 18:00:00,6131.0,7029.579921781897,0.0,0.82558798634297381
2017-03-11 20:00:00,6781.0,6781.0,0.025,0.81143085060318998
2017-03-11 22:00:00,5234.0,5234.0,0.0,0.81143085060318998
2017-03-12 00:00:00,6067.0,6067.0,0.0,0.81143085060318998
2017-03-12 02:00:00,6455.0,6455.0,0.0,0.82558798634297381
2017-03-12 04:00:00,4332.0,3385.729446379999,0.025,0.81143085060318998
2017-03-12 06:00:00,4459.0,8092.642870940868,0.0,0.82558798634297381
2017-03-12 08:00:00,5390.0,11221.113999999998,0.2,0.69404243844461311
2017-03-12 10:00:00,5922.0,5922.0,0.025,0.6749597133156845
2017-03-12 12:00:00,7091.0,7091.0,0.125,0.57346130125024419
2017-03-12 14:00:00,4931.0,6216.276456893273,0.075,0.50962122476302518
2017-03-12 16:00:00,5324.0,5760.0237967932,0.1,0.55446681181891633
2017-03-12 18:00:00,5769.0,6851.346933139192,0.15,0.67692000943014519
2017-03-12 20:00:00,6115.0,6851.346933139192,0.05,0.71446830345552259
2017-03-12 22:00:00,4645.0,6216.276456893273,0.175,0.82698706047634984
2017-03-13 00:00:00,7043.0,6691.9316553408025,0.075,0.8530739329286241
2017-03-13 02:00:00,4098.0,4491.229628296485,0.025,0.86507323650592882
2017-03-13 04:00:00,6552.0,4136.901283731699,0.425,0.94370090614333801
2017-03-13 06:00:00,3229.0,3672.8339903999995,0.0,0.93735357516708762
2017-03-13 08:00:00,5905.0,5908.296406254749,0.3,0.97185416412526304
2017-03-13 10:00:00,6873.0,5907.307484378324,0.025,0.96417912485174284
2017-03-13 12:00:00,18773.0,16154.788370786997,0.55,0.99717848120213026
2017-03-13 14:00:00,19570.0,16598.77324,0.1,0.99609818607073586
2017-03-13 16:00:00,18559.0,18559.0,0.275,0.99916579011127171
2017-03-13 18:00:00,18794.0,18794.0,0.225,0.99942511272097723
2017-03-13 20:00:00,13135.0,7487.271362171639,0.0,0.99899915426269237
2017-03-13 22:00:00,7904.0,7904.0,0.05,0.99916579007706363
2017-03-14 00:00:00,8834.0,8092.642870940868,0.075,0.99162142363129357
2017-03-14 02:00:00,5740.0,5740.0,0.0,0.99162142363129357
2017-03-14 04:00:00,5929.0,5929.0,0.0,0.95974170726744457
2017-03-14 06:00:00,3397.0,3397.0,0.0,0.95486784972174732
2017-03-14 08:00:00,5420.0,6857.842853197433,0.05,0.73242951559494296
2017-03-14 10:00:00,5664.0,4136.901283731699,0.175,0.78267273216280153
2017-03-14 12:00:00,7296.0,4951.463620099999,0.075,0.63747605922709472
2017-03-14 14:00:00,4910.0,5755.901660428668,0.125,0.55446680865691655
2017-03-14 16:00:00,5048.0,5755.901660428668,0.1,0.6374760652277971
2017-03-14 18:00:00,6399.0,6090.586032382281,0.1,0.67692000368507432
2017-03-14 20:00:00,6281.0,6281.0,0.025,0.63747606372762144
2017-03-14 22:00:00,5365.0,6090.586032382281,0.075,0.69595252353347248
2017-03-15 00:00:00,6386.0,6386.0,0.025,0.71446829801825351
2017-03-15 02:00:00,5057.0,7033.605945247327,0.025,0.73242951691163927
2017-03-15 04:00:00,5610.0,5402.52268662286,0.325,0.86836584954342155
2017-03-15 06:00:00,3135.0,3672.8339903999995,0.15,0.85702841143079322
2017-03-15 08:00:00,5341.0,5341.0,0.2,0.90745494786701153
2017-03-15 10:00:00,6801.0,7121.827362847107,0.0,0.85702841143079322
2017-03-15 12:00:00,14757.0,19594.2788,0.325,0.9372127583128953
2017-03-15 14:00:00,16571.0,16571.0,1.0,0.9996514177409096
2017-03-15 16:00:00,16113.0,16113.0,0.125,0.99983919201100979
2017-03-15 18:00:00,16422.0,16422.0,0.25,0.99996231898690546
2017-03-15 20:00:00,11241.0,11909.0,0.15,0.99998761420881987
2017-03-15 22:00:00,7556.0,7556.0,0.925,0.99999999938304263
2017-03-16 00:00:00,8650.0,5755.901660428668,0.025,0.999
2017-03-16 02:00:00,6331.0,6331.0,0.0,0.999
2017-03-16 04:00:00,6577.0,6577.0,0.025,0.999
2017-03-16 06:00:00,3450.0,5402.52268662286,0.05,0.999
2017-03-16 08:00:00,6135.0,6135.0,0.125,0.999
2017-03-16 10:00:00,7562.0,4939.024534069999,0.025,0.99307712446444041
2017-03-16 12:00:00,17593.0,17593.0,0.65,0.99980414011656138
2017-03-16 14:00:00,19676.0,19594.2788,0.3,0.9998683032503618
2017-03-16 16:00:00,17908.0,17908.0,0.0,0.99957968138327324
2017-03-16 18:00:00,18304.0,18304.0,0.075,0.94333772034177099
2017-03-16 20:00:00,11965.0,7507.889953520147,0.1,0.95892399867100331
2017-03-16 22:00:00,7759.0,7759.0,0.4,0.99483396235275046
2017-03-17 00:00:00,8523.0,6373.411152325836,0.0,0.99401244038441372
2017-03-17 02:00:00,5713.0,5713.0,0.0,0.99201508449030562
2017-03-17 04:00:00,6284.0,6284.0,0.0,0.98427860056081218
2017-03-17 06:00:00,3278.0,6103.910222667596,0.025,0.98427860056081218
2017-03-17 08:00:00,6399.0,6399.0,0.175,0.87906708426909974
2017-03-17 10:00:00,6727.0,17595.535011919994,0.025,0.72652534877525388
2017-03-17 12:00:00,17042.0,17042.0,0.625,0.97083718281111675
2017-03-17 14:00:00,18516.0,18516.0,0.0,0.95892400070349648
2017-03-17 16:00:00,16402.0,16402.0,0.0,0.9372127616367566
2017-03-17 18:00:00,16129.0,16129.0,0.05,0.7907086396499855
2017-03-17 20:00:00,11391.0,7797.150098462087,0.175,0.87906707420965147
2017-03-17 22:00:00,7441.0,7441.0,0.525,0.98792378141784842
2017-03-18 00:00:00,8200.0,8200.0,0.0,0.98792378141784842
2017-03-18 02:00:00,6094.0,6094.0,0.0,0.98620472206256649
2017-03-18 04:00:00,6235.0,6235.0,0.0,0.9672336129130672
2017-03-18 06:00:00,3549.0,6381.087806628085,0.0,0.96327063352645759
2017-03-18 08:00:00,5947.0,5947.0,0.175,0.80524839775024992
2017-03-18 10:00:00,6182.0,6182.0,0.0,0.80524839775024992
2017-03-18 12:00:00,9202.0,9202.0,0.25,0.91572540380145528
2017-03-18 14:00:00,6684.0,7958.269051550592,0.05,0.91572540380145528
2017-03-18 16:00:00,6139.0,6381.087806628085,0.0,0.84504888825032354
2017-03-18 18:00:00,7013.0,6112.356009107121,0.05,0.51369688104705435
2017-03-18 20:00:00,6513.0,6513.0,0.0,0.51369688104705435
2017-03-18 22:00:00,5390.0,5390.0,0.0,0.51369688104705435
2017-03-19 00:00:00,7405.0,7405.0,0.025,0.53425722183028601
2017-03-19 02:00:00,5257.0,5257.0,0.0,0.53425722183028601
2017-03-19 04:00:00,6043.0,6043.0,0.0,0.60852524583373602
2017-03-19 06:00:00,3102.0,6538.075521868197,0.0,0.60852524583373602
2017-03-19 08:00:00,5803.0,6091.549206374984,0.0,0.78577278799723316
2017-03-19 10:00:00,5969.0,5969.0,0.025,0.80051869587694058
2017-03-19 12:00:00,7844.0,6538.075521868197,0.025,0.78577278799723316
2017-03-19 14:00:00,4786.0,5937.339467141764,0.025,0.80051869587694058
2017-03-19 16:00:00,6060.0,5398.765880636001,0.0,0.80051869587694058
2017-03-19 18:00:00,6244.0,7027.424161673129,0.075,0.75445205708792162
2017-03-19 20:00:00,6519.0,5398.765880636001,0.0,0.77041159854566987
2017-03-19 22:00:00,5355.0,6381.087806628085,0.0,0.77041159854566987
2017-03-20 00:00:00,7578.0,5761.021813610047,0.025,0.75445205708792162
2017-03-20 02:00:00,5571.0,6532.352865307737,0.0,0.75445205708792162
2017-03-20 04:00:00,6195.0,3236.4577999999997,0.025,0.73791499699694763
2017-03-20 06:00:00,3733.0,5937.339467141764,0.0,0.75445205708792162
2017-03-20 08:00:00,6043.0,5937.339467141764,0.275,0.56836180966455929
2017-03-20 10:00:00,7259.0,5937.339467141764,0.0,0.58855955300697638
2017-03-20 12:00:00,18258.0,18258.0,0.575,0.83242466083870159
2017-03-20 14:00:00,19916.0,19916.0,0.05,0.81915640718817939
2017-03-20 16:00:00,18308.0,20218.699999999997,0.0,0.81915640718817939
2017-03-20 18:00:00,18799.0,15003.699999999997,0.0,0.81915640718817939
2017-03-20 20:00:00,13245.0,6220.745029877035,0.5,0.97083718102126526
2017-03-20 22:00:00,7969.0,6070.359111123742,0.0,0.97083718102126526
2017-03-21 00:00:00,8695.0,8695.0,0.0,0.96723361601040969
2017-03-21 02:00:00,6174.0,6174.0,0.0,0.96723361601040969
2017-03-21 04:00:00,6877.0,7293.330131112903,0.025,0.90745494276461092
2017-03-21 06:00:00,4003.0,4003.0,0.0,0.90745494276461092
2017-03-21 08:00:00,6504.0,7293.330131112903,0.2,0.70908087897910377
2017-03-21 10:00:00,7923.0,4818.7137999999995,0.0,0.67271741422920561
2017-03-21 12:00:00,20140.0,17901.5325628,0.525,0.93721275546387128
2017-03-21 14:00:00,22007.0,22007.0,0.425,0.99201508415354933
2017-03-21 16:00:00,19798.0,19798.0,0.175,0.958923997654757
2017-03-21 18:00:00,19176.0,13295.4,0.0,0.958923997654757
2017-03-21 20:00:00,12917.0,7949.9418352597895,0.475,0.99673018797533253
2017-03-21 22:00:00,7685.0,7685.0,0.0,0.99673018797533253
2017-03-22 00:00:00,8977.0,8977.0,0.05,0.99720627256597616
2017-03-22 02:00:00,6315.0,6315.0,0.0,0.99720627256597616
2017-03-22 04:00:00,6456.0,6456.0,0.0,0.99081236320595112
2017-03-22 06:00:00,3767.0,3767.0,0.0,0.99081236320595112
2017-03-22 08:00:00,7058.0,7058.0,0.125,0.9372127616367566
2017-03-22 10:00:00,7666.0,7666.0,0.0,0.74343570710716278
2017-03-22 12:00:00,19448.0,19448.0,0.15,0.72652534365453469
2017-03-22 14:00:00,20509.0,21961.92,0.075,0.77554885719163236
2017-03-22 16:00:00,18010.0,18818.824,0.0,0.58855955300697638
2017-03-22 18:00:00,19062.0,12917.0,0.0,0.58855955300697638
2017-03-22 20:00:00,13154.0,7949.9418352597895,0.525,0.77554884566938131
2017-03-22 22:00:00,8179.0,8179.0,0.0,0.77554884566938131
2017-03-23 00:00:00,8953.0,8953.0,0.0,0.77554884566938131
2017-03-23 02:00:00,6249.0,6851.652998066742,0.0,0.77554884566938131
2017-03-23 04:00:00,6657.0,4002.0872256690254,0.0,0.69113333817477018
2017-03-23 06:00:00,3992.0,3992.0,0.0,0.69113333817477018
2017-03-23 08:00:00,6971.0,6971.0,0.0,0.57505087552938217
2017-03-23 10:00:00,7421.0,7421.0,0.0,0.51369686264020231
2017-03-23 12:00:00,19062.0,19062.0,0.05,0.51995880529639171
2017-03-23 14:00:00,20085.0,18057.739999999998,0.0,0.51995880529639171
2017-03-23 16:00:00,17649.0,21961.92,0.0,0.83075190975754509
2017-03-23 18:00:00,19108.0,7639.506805692654,0.0,0.83075190975754509
2017-03-23 20:00:00,12717.0,7639.506805692654,0.0,0.83075190975754509
2017-03-23 22:00:00,7744.0,7744.0,0.0,0.83075190975754509
2017-03-24 00:00:00,9210.0,6219.405064639746,0.05,0.80805500163017685
2017-03-24 02:00:00,6529.0,6529.0,0.0,0.80805500163017685
2017-03-24 04:00:00,6825.0,6825.0,0.0,0.80805500163017685
2017-03-24 06:00:00,3556.0,3556.0,0.0,0.80805500163017685
2017-03-24 08:00:00,6491.0,6491.0,0.05,0.80805500163017685
2017-03-24 10:00:00,6737.0,6737.0,0.0,0.80805500163017685
2017-03-24 12:00:00,17897.0,17897.0,0.05,0.78358603166435969
2017-03-24 14:00:00,18041.0,17611.574508343994,0.0,0.78358603166435969
2017-03-24 16:00:00,15554.0,16590.441268,0.1,0.72959297974336668
2017-03-24 18:00:00,16944.0,13816.869999999999,0.0,0.72959297974336668
2017-03-24 20:00:00,10479.0,8118.550009658607,0.175,0.65380306909699937
2017-03-24 22:00:00,7714.0,8118.550009658607,0.025,0.6377359894148823
2017-03-25 00:00:00,8433.0,8433.0,0.025,0.62142249718541276
2017-03-25 02:00:00,5845.0,3999.0610579683175,0.0,0.62142249718541276
2017-03-25 04:00:00,6382.0,3547.016771983999,0.375,0.5996005854696308
2017-03-25 06:00:00,3629.0,3629.0,0.0,0.5996005854696308
2017-03-25 08:00:00,5302.0,8436.003069136199,0.0,0.56589154681281162
2017-03-25 10:00:00,6628.0,6628.0,0.1,0.63258325680445493
2017-03-25 12:00:00,9312.0,9312.0,0.025,0.58282217583779128
2017-03-25 14:00:00,6366.0,6366.0,0.2,0.71044218252216929
2017-03-25 16:00:00,6143.0,7016.917839219832,0.0,0.59960058920066139
2017-03-25 18:00:00,6345.0,7791.043548246422,0.0,0.58282217960619009
2017-03-25 20:00:00,7256.0,7661.8547639848575,0.0,0.56589155061185825
2017-03-25 22:00:00,5442.0,5442.0,0.0,0.56589155061185825
2017-03-26 00:00:00,7026.0,7026.0,0.0,0.68509634648337059
2017-03-26 02:00:00,5324.0,5324.0,0.05,0.65380306553521206
2017-03-26 04:00:00,5512.0,3865.808669081399,0.025,0.63773598579508572
2017-03-26 06:00:00,3007.0,5761.021813610047,0.025,0.68509634648337059
2017-03-26 08:00:00,5098.0,5302.435110368598,0.0,0.70027544264264308
2017-03-26 10:00:00,5970.0,5970.0,0.0,0.80805500163017685
2017-03-26 12:00:00,7730.0,4818.7137999999995,0.075,0.77070385925010998
2017-03-26 14:00:00,4961.0,5089.931795449999,0.075,0.72959297761355457
2017-03-26 16:00:00,5601.0,6370.1752776599815,0.075,0.68509634305407641
2017-03-26 18:00:00,5695.0,7019.6424874538825,0.1,0.62142248984162674
2017-03-26 20:00:00,6658.0,5402.5452815116405,0.0,0.62142248984162674
2017-03-26 22:00:00,4855.0,7019.6424874538825,0.1,0.58816582140981366
2017-03-27 00:00:00,7168.0,7168.0,0.0,0.60488967662223081
2017-03-27 02:00:00,4793.0,5927.746338899464,0.0,0.62142248984162674
2017-03-27 04:00:00,5784.0,3999.0610579683175,0.025,0.60488967662223081
2017-03-27 06:00:00,3210.0,5302.435110368598,0.0,0.60488967662223081
2017-03-27 08:00:00,5511.0,3407.377428726199,0.0,0.65380306316068726
2017-03-27 10:00:00,7125.0,3228.5204599999997,0.075,0.65380306316068726
2017-03-27 12:00:00,18681.0,18681.0,0.625,0.71044218472384157
2017-03-27 14:00:00,19601.0,17611.574508343994,0.0,0.64873141133685885
2017-03-27 16:00:00,18644.0,20405.938599999998,0.025,0.6646154093870843
2017-03-27 18:00:00,19922.0,12696.0,0.125,0.68021045359041454
2017-03-27 20:00:00,12820.0,12820.0,0.05,0.71044218362300537
2017-03-27 22:00:00,7947.0,7947.0,0.0,0.71044218362300537
2017-03-28 00:00:00,8303.0,8303.0,0.0,0.6954932660369233
2017-03-28 02:00:00,6280.0,6280.0,0.0,0.6954932660369233
2017-03-28 04:00:00,7197.0,7949.059284681853,0.05,0.72503724868691866
2017-03-28 06:00:00,3683.0,3683.0,0.0,0.68021045243984546
2017-03-28 08:00:00,6161.0,5579.230328748655,0.025,0.71511412183750223
2017-03-28 10:00:00,7621.0,7621.0,0.15,0.62142249228955548
2017-03-28 12:00:00,19589.0,19589.0,0.0,0.63773598458848701
2017-03-28 14:00:00,20279.0,12887.9,0.0,0.71511411856032236
2017-03-28 16:00:00,18265.0,12887.9,0.025,0.72959297761355457
2017-03-28 18:00:00,19007.0,19007.0,0.0,0.72959297761355457
2017-03-28 20:00:00,13328.0,13328.0,0.0,0.72959297761355457
2017-03-28 22:00:00,8004.0,8004.0,0.0,0.72959297761355457
2017-03-29 00:00:00,9054.0,6203.3769371714325,0.0,0.75740266337041307
2017-03-29 02:00:00,5946.0,7965.541499277297,0.0,0.75740266337041307
2017-03-29 04:00:00,6998.0,3686.7121410950394,0.0,0.77070385827456678
2017-03-29 06:00:00,3413.0,3413.0,0.025,0.83075190975754509
2017-03-29 08:00:00,6527.0,6527.0,0.025,0.81962739728821599
2017-03-29 10:00:00,7495.0,7495.0,0.0,0.81962739728821599
2017-03-29 12:00:00,18609.0,18609.0,0.0,0.83075190975754509
2017-03-29 14:00:00,20453.0,18252.147113799998,0.0,0.83075190975754509
2017-03-29 16:00:00,17345.0,19024.196269999997,0.025,0.81962739728821599
2017-03-29 18:00:00,19125.0,19125.0,0.0,0.81962739728821599
2017-03-29 20:00:00,12835.0,12835.0,0.075,0.78358603072043453
2017-03-29 22:00:00,8121.0,8121.0,0.0,0.78358603072043453
2017-03-30 00:00:00,8490.0,8490.0,0.0,0.78358603072043453
2017-03-30 02:00:00,6563.0,6563.0,0.0,0.79603912621690875
2017-03-30 04:00:00,7113.0,7113.0,0.05,0.78358603072043453
2017-03-30 06:00:00,3625.0,3625.0,0.0,0.78358603072043453
2017-03-30 08:00:00,6484.0,6070.359111123742,0.0,0.78358603072043453
2017-03-30 10:00:00,7564.0,6517.569736250588,0.0,0.78358603072043453
2017-03-30 12:00:00,18929.0,18929.0,0.0,0.79603912621690875
2017-03-30 14:00:00,20337.0,17419.934999999998,0.0,0.79603912621690875
2017-03-30 16:00:00,18028.0,19145.939799999996,0.025,0.81962739728821599
2017-03-30 18:00:00,19025.0,12872.029999999999,0.0,0.81962739728821599
2017-03-30 20:00:00,12854.0,12854.0,0.075,0.78358603072043453
2017-03-30 22:00:00,7880.0,7880.0,0.0,0.78358603072043453
2017-03-31 00:00:00,9086.0,9086.0,0.0,0.80805500075137926
2017-03-31 02:00:00,6068.0,6068.0,0.0,0.80805500075137926
2017-03-31 04:00:00,6704.0,6704.0,0.0,0.80805500075137926
2017-03-31 06:00:00,3538.0,3538.0,0.0,0.80805500075137926
2017-03-31 08:00:00,6801.0,7623.918834352579,0.0,0.80805500075137926
2017-03-31 10:00:00,7012.0,19004.4461723,0.0,0.80805500075137926
2017-03-31 12:00:00,17420.0,15584.029999999999,0.025,0.80805500075137926
2017-03-31 14:00:00,18490.0,12866.621,0.15,0.7295929765486483
2017-03-31 16:00:00,16721.0,19145.939799999996,0.0,0.77070385827456678
2017-03-31 18:00:00,16088.0,16088.0,0.0,0.77070385827456678
2017-03-31 20:00:00,10448.0,7623.918834352579,0.05,0.73276162390238775
2017-03-31 22:00:00,7039.0,7039.0,0.05,0.70246073813740451
2017-04-01 00:00:00,8120.0,8120.0,0.0,0.70246073813740451
2017-04-01 02:00:00,5854.0,5854.0,0.0,0.70246073813740451
2017-04-01 04:00:00,5862.0,5862.0,0.0,0.70246073813740451
2017-04-01 06:00:00,3373.0,3373.0,0.0,0.70246073813740451
2017-04-01 08:00:00,5406.0,7772.730483772495,0.0,0.71780693826651543
2017-04-01 10:00:00,6728.0,18673.582,0.0,0.80106347342243189
2017-04-01 12:00:00,8985.0,8985.0,0.025,0.78831204023184243
2017-04-01 14:00:00,6951.0,7020.663373196681,0.1,0.73276162610065487
2017-04-01 16:00:00,6099.0,6099.0,0.0,0.76142145681539763
2017-04-01 18:00:00,6769.0,6769.0,0.025,0.77509453830736241
2017-04-01 20:00:00,6882.0,6882.0,0.0,0.77509453830736241
2017-04-01 22:00:00,5322.0,5322.0,0.025,0.76142145681539763
2017-04-02 00:00:00,7493.0,6999.764361237676,0.05,0.73276162610065487
2017-04-02 02:00:00,4990.0,5579.230328748655,0.0,0.73276162610065487
2017-04-02 04:00:00,5662.0,5662.0,0.0,0.73276162610065487
2017-04-02 06:00:00,3214.0,5426.357187940704,0.0,0.73276162610065487
2017-04-02 08:00:00,5297.0,6078.455964450633,0.175,0.63761826532751509
2017-04-02 10:00:00,6507.0,5304.913204080613,0.0,0.70246074392464264
2017-04-02 12:00:00,7631.0,4958.9320216943,0.125,0.62067417606229269
2017-04-02 14:00:00,4795.0,5604.061230124058,0.05,0.60349502664148358
2017-04-02 16:00:00,5652.0,6717.754006331481,0.05,0.56855966967299365
2017-04-02 18:00:00,5978.0,6717.754006331481,0.075,0.53307927576954661
2017-04-02 20:00:00,6817.0,6817.0,0.0,0.56855966835969174
2017-04-02 22:00:00,5025.0,5025.0,0.025,0.55087032692649962
2017-04-03 00:00:00,7052.0,4811.533833399999,0.0,0.55087032692649962
2017-04-03 02:00:00,5089.0,5754.050688668923,0.0,0.55087032692649962
2017-04-03 04:00:00,5588.0,3224.1643219999996,0.025,0.65429693511109244
2017-04-03 06:00:00,3104.0,3865.808669081399,0.0,0.65429693511109244
2017-04-03 08:00:00,5754.0,7140.182949819589,0.0,0.7327616250015212
2017-04-03 10:00:00,7004.0,3668.1984987665273,0.025,0.74730550743291912
2017-04-03 12:00:00,18722.0,18722.0,0.825,0.76554337591751731
2017-04-03 14:00:00,20363.0,20363.0,0.0,0.72230573786579355
2017-04-03 16:00:00,18610.0,19004.4461723,0.0,0.72230573786579355
2017-04-03 18:00:00,19263.0,19263.0,0.0,0.70707407690586732
2017-04-03 20:00:00,13044.0,7939.879049494108,0.0,0.70707407690586732
2017-04-03 22:00:00,7785.0,7785.0,0.0,0.70707407690586732
2017-04-04 00:00:00,8719.0,8719.0,0.0,0.69146569946773984
2017-04-04 02:00:00,6266.0,6266.0,0.0,0.69146569946773984
2017-04-04 04:00:00,6635.0,6635.0,0.0,0.69146569946773984
2017-04-04 06:00:00,3629.0,3629.0,0.0,0.67550342073316227
2017-04-04 08:00:00,5859.0,7626.0431840468045,0.0,0.84727530483806845
2017-04-04 10:00:00,7809.0,17419.9545,0.0,0.84727530483806845
2017-04-04 12:00:00,19956.0,19956.0,0.0,0.84727530483806845
2017-04-04 14:00:00,20994.0,20994.0,0.0,0.84727530483806845
2017-04-04 16:00:00,18233.0,18233.0,0.0,0.84727530483806845
2017-04-04 18:00:00,19630.0,19630.0,0.0,0.84727530483806845
2017-04-04 20:00:00,12921.0,7939.879049494108,0.0,0.84727530483806845
2017-04-04 22:00:00,7947.0,7947.0,0.0,0.84727530483806845
2017-04-05 00:00:00,9221.0,9221.0,0.0,0.84727530483806845
2017-04-05 02:00:00,6591.0,6591.0,0.0,0.84727530483806845
2017-04-05 04:00:00,7166.0,3656.438949136569,0.025,0.83644940900839937
2017-04-05 06:00:00,3888.0,3888.0,0.0,0.83644940900839937
2017-04-05 08:00:00,6894.0,18664.67518,0.025,0.82513719333105295
2017-04-05 10:00:00,8182.0,9039.614180921999,0.025,0.81334055819743001
2017-04-05 12:00:00,20134.0,20134.0,0.025,0.80106347342243189
2017-04-05 14:00:00,20378.0,20378.0,0.0,0.80106347342243189
2017-04-05 16:00:00,17489.0,17489.0,0.0,0.80106347342243189
2017-04-05 18:00:00,18324.0,18324.0,0.05,0.77509453830736241
2017-04-05 20:00:00,12560.0,7786.187937048522,0.0,0.77509453830736241
2017-04-05 22:00:00,8178.0,7942.015334645876,0.0,0.77509453830736241
2017-04-06 00:00:00,9122.0,9122.0,0.0,0.78831204023184243
2017-04-06 02:00:00,6305.0,6305.0,0.025,0.77509453830736241
2017-04-06 04:00:00,6891.0,6891.0,0.0,0.78831204023184243
2017-04-06 06:00:00,3786.0,3786.0,0.0,0.80106347342243189
2017-04-06 08:00:00,5919.0,7012.00453700646,0.0,0.81334055819743001
2017-04-06 10:00:00,8030.0,19948.635726999997,0.0,0.81334055819743001
2017-04-06 12:00:00,18571.0,18571.0,0.0,0.81334055819743001
2017-04-06 14:00:00,19979.0,19979.0,0.0,0.83644940900839937
2017-04-06 16:00:00,18081.0,18081.0,0.0,0.83644940900839937
2017-04-06 18:00:00,19348.0,19348.0,0.0,0.83644940900839937
2017-04-06 20:00:00,12689.0,8150.174757319031,0.0,0.83644940900839937
2017-04-06 22:00:00,8276.0,9064.3299266454,0.025,0.83644940900839937
2017-04-07 00:00:00,9130.0,9130.0,0.0,0.83644940900839937
2017-04-07 02:00:00,6239.0,6239.0,0.0,0.83644940900839937
2017-04-07 04:00:00,6978.0,6978.0,0.0,0.83644940900839937
2017-04-07 06:00:00,3313.0,3313.0,0.025,0.82513719333105295
2017-04-07 08:00:00,6190.0,7968.410734252113,0.0,0.82513719333105295
2017-04-07 10:00:00,7443.0,18540.321884316396,0.0,0.82513719333105295
2017-04-07 12:00:00,18477.0,18477.0,0.0,0.82513719333105295
2017-04-07 14:00:00,18836.0,20383.248557859995,0.025,0.81334055819743001
2017-04-07 16:00:00,16499.0,10467.739999999998,0.025,0.80106347342243189
2017-04-07 18:00:00,17038.0,10467.739999999998,0.025,0.80106347342243189
2017-04-07 20:00:00,11526.0,7463.676456141689,0.05,0.77509453830736241
2017-04-07 22:00:00,7916.0,9084.03094865178,0.0,0.77509453830736241
2017-04-08 00:00:00,9055.0,9055.0,0.0,0.77509453830736241
2017-04-08 02:00:00,5684.0,5684.0,0.0,0.78831204023184243
2017-04-08 04:00:00,6513.0,6513.0,0.025,0.77509453830736241
2017-04-08 06:00:00,3384.0,3384.0,0.025,0.76142145681539763
2017-04-08 08:00:00,5480.0,5906.916115025182,0.025,0.74730550850078026
2017-04-08 10:00:00,6627.0,6627.0,0.0,0.76142145681539763
2017-04-08 12:00:00,9507.0,9507.0,0.325,0.56855967623950354
2017-04-08 14:00:00,6428.0,6428.0,0.25,0.5913123639421547
2017-04-08 16:00:00,6393.0,6216.0502894498,0.025,0.57380676133026032
2017-04-08 18:00:00,7062.0,6865.386278569553,0.0,0.57380676133026032
2017-04-08 20:00:00,6943.0,8150.174757319031,0.0,0.57380676133026032
2017-04-08 22:00:00,5232.0,6996.803556193216,0.0,0.57380676133026032
2017-04-09 00:00:00,7010.0,5283.039242856428,0.0,0.55615448736162854
2017-04-09 02:00:00,5204.0,5609.310002760788,0.075,0.59131236524011777
2017-04-09 04:00:00,5950.0,5950.0,0.025,0.61729675624691005
2017-04-09 06:00:00,3007.0,6673.149463102425,0.025,0.63476957194306105
2017-04-09 08:00:00,5129.0,7786.187937048522,0.025,0.58276544915035922
2017-04-09 10:00:00,5960.0,5960.0,0.025,0.73371499221111813
2017-04-09 12:00:00,6953.0,4978.75241518601,0.0,0.74863850813761867
2017-04-09 14:00:00,4892.0,5609.310002760788,0.05,0.718355734134278
2017-04-09 16:00:00,5043.0,5733.024837447772,0.075,0.66988381707749278
2017-04-09 18:00:00,5732.0,6986.433742534675,0.1,0.60067594264810642
2017-04-09 20:00:00,6018.0,9075.321664056246,0.0,0.60067594264810642
2017-04-09 22:00:00,5103.0,6986.433742534675,0.0,0.65301327761385031
2017-04-10 00:00:00,7108.0,5089.643724087544,0.0,0.66988381832218968
2017-04-10 02:00:00,5045.0,5045.0,0.0,0.68641580120770795
2017-04-10 04:00:00,6061.0,3051.442734699999,0.025,0.68641580120770795
2017-04-10 06:00:00,3291.0,5076.25060686128,0.0,0.70258159871682391
2017-04-10 08:00:00,5451.0,6673.149463102425,0.0,0.70258159871682391
2017-04-10 10:00:00,7583.0,18521.325319021475,0.05,0.70258159871682391
2017-04-10 12:00:00,18153.0,18521.325319021475,0.05,0.71835573529436103
2017-04-10 14:00:00,18004.0,16453.539378499998,0.025,0.76310783553605599
2017-04-10 16:00:00,16568.0,17065.691999999995,0.0,0.76310783553605599
2017-04-10 18:00:00,17360.0,17360.0,0.025,0.74863850923280117
2017-04-10 20:00:00,11716.0,7952.687513976478,0.05,0.71835573529436103
2017-04-10 22:00:00,7829.0,9075.321664056246,0.0,0.71835573529436103
2017-04-11 00:00:00,8844.0,8844.0,0.025,0.71835573529436103
2017-04-11 02:00:00,5438.0,5438.0,0.025,0.70258159990698166
2017-04-11 04:00:00,6991.0,6991.0,0.0,0.70258159990698166
2017-04-11 06:00:00,3369.0,5442.91051546366,0.025,0.71835573529436103
2017-04-11 08:00:00,5768.0,7463.676456141689,0.0,0.74863850923280117
2017-04-11 10:00:00,8794.0,8794.0,0.025,0.74863850923280117
2017-04-11 12:00:00,17908.0,17908.0,0.025,0.73371499333948353
2017-04-11 14:00:00,18360.0,16453.539378499998,0.0,0.74863850923280117
2017-04-11 16:00:00,17052.0,17052.0,0.0,0.7771069869747631
2017-04-11 18:00:00,18140.0,18140.0,0.0,0.7771069869747631
2017-04-11 20:00:00,12034.0,12034.0,0.05,0.76310783553605599
2017-04-11 22:00:00,7771.0,8902.4591,0.0,0.7771069869747631
2017-04-12 00:00:00,8864.0,8864.0,0.025,0.76310783553605599
2017-04-12 02:00:00,6003.0,6003.0,0.0,0.7771069869747631
2017-04-12 04:00:00,6979.0,6979.0,0.0,0.7771069869747631
2017-04-12 06:00:00,3710.0,3710.0,0.025,0.7771069869747631
2017-04-12 08:00:00,6175.0,8743.557127309998,0.025,0.7771069869747631
2017-04-12 10:00:00,8187.0,8187.0,0.0,0.7771069869747631
2017-04-12 12:00:00,18476.0,18476.0,0.0,0.7771069869747631
2017-04-12 14:00:00,18314.0,17061.584399999996,0.0,0.7771069869747631
2017-04-12 16:00:00,17067.0,18194.867460033398,0.0,0.80364325048287322
2017-04-12 18:00:00,17989.0,19004.4461723,0.0,0.80364325048287322
2017-04-12 20:00:00,12388.0,7790.622089153774,0.05,0.7906224632730896
2017-04-12 22:00:00,7929.0,8890.92137,0.0,0.7906224632730896
2017-04-13 00:00:00,9105.0,9105.0,0.0,0.7906224632730896
2017-04-13 02:00:00,6544.0,6544.0,0.025,0.7906224632730896
2017-04-13 04:00:00,7158.0,7158.0,0.025,0.7906224632730896
2017-04-13 06:00:00,4141.0,4141.0,0.0,0.7906224632730896
2017-04-13 08:00:00,6255.0,6255.0,0.0,0.7906224632730896
2017-04-13 10:00:00,8287.0,8287.0,0.025,0.7771069869747631
2017-04-13 12:00:00,18238.0,18238.0,0.025,0.76310783553605599
2017-04-13 14:00:00,18189.0,17063.209079999997,0.0,0.76310783553605599
2017-04-13 16:00:00,17011.0,18024.985791799998,0.0,0.7906224632730896
2017-04-13 18:00:00,17898.0,17898.0,0.0,0.7906224632730896
2017-04-13 20:00:00,11650.0,7790.622089153774,0.025,0.7771069869747631
2017-04-13 22:00:00,7566.0,8890.92137,0.0,0.7906224632730896
2017-04-14 00:00:00,8601.0,8601.0,0.025,0.7906224632730896
2017-04-14 02:00:00,6214.0,6214.0,0.0,0.7906224632730896
2017-04-14 04:00:00,7021.0,7021.0,0.0,0.7906224632730896
2017-04-14 06:00:00,3651.0,6217.580249281281,0.025,0.7906224632730896
2017-04-14 08:00:00,6275.0,8161.222330123321,0.025,0.7906224632730896
2017-04-14 10:00:00,7388.0,7388.0,0.0,0.7906224632730896
2017-04-14 12:00:00,16271.0,16271.0,0.075,0.74863850813761867
2017-04-14 14:00:00,16889.0,16972.397120999998,0.1,0.68641580120770795
2017-04-14 16:00:00,14859.0,16947.377984699997,0.225,0.5464612649679591
2017-04-14 18:00:00,13920.0,9084.225164839372,0.35,0.70159999479850177
2017-04-14 20:00:00,9950.0,6995.913773689392,0.375,0.87995089146017014
2017-04-14 22:00:00,6496.0,6496.0,0.65,0.99120078673715128
2017-04-15 00:00:00,7680.0,7680.0,0.0,0.99120078673715128
2017-04-15 02:00:00,5287.0,5931.888896362339,0.0,0.99003961479262925
2017-04-15 04:00:00,5783.0,5783.0,0.0,0.98874685476057378
2017-04-15 06:00:00,3457.0,3457.0,0.0,0.98874685476057378
2017-04-15 08:00:00,5891.0,5891.0,0.0,0.98395715759101732
2017-04-15 10:00:00,5984.0,6995.913773689392,0.025,0.97751687601687309
2017-04-15 12:00:00,9432.0,20720.871519999993,0.0,0.94406633030853437
2017-04-15 14:00:00,6096.0,6043.266395806566,0.45,0.96199744145929478
2017-04-15 16:00:00,6097.0,5938.935559217546,0.0,0.86048337994109314
2017-04-15 18:00:00,6471.0,6070.460533945217,0.0,0.54646127313788484
2017-04-15 20:00:00,6600.0,6600.0,0.0,0.54646127313788484
2017-04-15 22:00:00,4976.0,5442.91051546366,0.025,0.52814267725771957
2017-04-16 00:00:00,6941.0,6941.0,0.0,0.52814267725771957
2017-04-16 02:00:00,4982.0,3051.442734699999,0.0,0.52814267725771957
2017-04-16 04:00:00,5449.0,5449.0,0.025,0.50976434158840012
2017-04-16 06:00:00,3152.0,5755.211519244585,0.0,0.52814267725771957
2017-04-16 08:00:00,5243.0,5938.935559217546,0.0,0.52814267725771957
2017-04-16 10:00:00,6218.0,6218.0,0.0,0.8161608015132259
2017-04-16 12:00:00,7291.0,4811.533833399999,0.075,0.77710698594961114
2017-04-16 14:00:00,4787.0,6070.460533945217,0.075,0.73371499108275262
2017-04-16 16:00:00,5631.0,6535.068307230101,0.05,0.70258159752666605
2017-04-16 18:00:00,6081.0,6535.068307230101,0.025,0.70258159752666605
2017-04-16 20:00:00,6011.0,6011.0,0.025,0.6864157999892907
2017-04-16 22:00:00,5486.0,7142.564751788119,0.025,0.66988381707749278
2017-04-17 00:00:00,6693.0,5615.817001932552,0.0,0.6864157999892907
2017-04-17 02:00:00,4702.0,5615.817001932552,0.0,0.6864157999892907
2017-04-17 04:00:00,6044.0,3216.5505177799996,0.0,0.6864157999892907
2017-04-17 06:00:00,3221.0,5457.116152577193,0.0,0.6864157999892907
2017-04-17 08:00:00,5290.0,7623.293812128053,0.0,0.73371499221111813
2017-04-17 10:00:00,7938.0,18202.165055416364,0.05,0.74863850923280117
2017-04-17 12:00:00,17461.0,17461.0,0.05,0.74178787670756385
2017-04-17 14:00:00,18965.0,18965.0,0.0,0.75662521240358271
2017-04-17 16:00:00,17263.0,17263.0,0.0,0.77098925978209443
2017-04-17 18:00:00,18025.0,11591.699204089999,0.0,0.78486492997301704
2017-04-17 20:00:00,12967.0,12967.0,0.025,0.77098925978209443
2017-04-17 22:00:00,8106.0,6535.068307230101,0.025,0.75662521240358271
2017-04-18 00:00:00,8320.0,6229.7643221478265,0.0,0.75662521240358271
2017-04-18 02:00:00,5990.0,5990.0,0.025,0.74178787670756385
2017-04-18 04:00:00,6050.0,6050.0,0.025,0.72649492736170296
2017-04-18 06:00:00,3813.0,5269.168322209827,0.0,0.75662521240358271
2017-04-18 08:00:00,5981.0,5981.0,0.0,0.78486492997301704
2017-04-18 10:00:00,7314.0,7314.0,0.0,0.78486492997301704
2017-04-18 12:00:00,18292.0,18292.0,0.0,0.78486492997301704
2017-04-18 14:00:00,18896.0,18896.0,0.0,0.78486492997301704
2017-04-18 16:00:00,17426.0,17426.0,0.0,0.79823973136555804
2017-04-18 18:00:00,18812.0,18812.0,0.025,0.79823973136555804
2017-04-18 20:00:00,11152.0,6535.068307230101,0.025,0.78486492997301704
2017-04-18 22:00:00,7214.0,7214.0,0.0,0.79823973136555804
2017-04-19 00:00:00,8368.0,8368.0,0.0,0.81110375852591166
2017-04-19 02:00:00,6105.0,6105.0,0.0,0.81110375852591166
2017-04-19 04:00:00,6490.0,6490.0,0.0,0.81110375852591166
2017-04-19 06:00:00,3185.0,5269.168322209827,0.0,0.81110375852591166
2017-04-19 08:00:00,5869.0,7943.3068818484735,0.0,0.81110375852591166
2017-04-19 10:00:00,7919.0,7919.0,0.0,0.81110375852591166
2017-04-19 12:00:00,18394.0,18394.0,0.0,0.81110375852591166
2017-04-19 14:00:00,19515.0,19515.0,0.0,0.82344965947845372
2017-04-19 16:00:00,17587.0,17587.0,0.0,0.83527258250154768
2017-04-19 18:00:00,18495.0,18495.0,0.025,0.82344965947845372
2017-04-19 20:00:00,12169.0,7936.014817293931,0.025,0.81110375852591166
2017-04-19 22:00:00,7411.0,6521.547815061071,0.0,0.81110375852591166
2017-04-20 00:00:00,8367.0,6058.223642358121,0.0,0.81110375852591166
2017-04-20 02:00:00,5556.0,5556.0,0.075,0.77098925872991164
2017-04-20 04:00:00,6393.0,6393.0,0.025,0.75662521131554294
2017-04-20 06:00:00,3765.0,3765.0,0.0,0.75662521131554294
2017-04-20 08:00:00,6300.0,6300.0,0.0,0.75662521131554294
2017-04-20 10:00:00,6931.0,6931.0,0.0,0.75662521131554294
2017-04-20 12:00:00,19075.0,19075.0,0.0,0.75662521131554294
2017-04-20 14:00:00,20310.0,20310.0,0.0,0.77098925872991164
2017-04-20 16:00:00,17843.0,17843.0,0.0,0.78486492895771898
2017-04-20 18:00:00,19087.0,19087.0,0.025,0.77098925872991164
2017-04-20 20:00:00,12437.0,12437.0,0.05,0.7417878755848879
2017-04-20 22:00:00,8198.0,8408.959052713715,0.025,0.77098925978209443
2017-04-21 00:00:00,8753.0,8753.0,0.0,0.78486492997301704
2017-04-21 02:00:00,5699.0,5699.0,0.05,0.75662521240358271
2017-04-21 04:00:00,6170.0,6170.0,0.025,0.74178787670756385
2017-04-21 06:00:00,3459.0,5926.788424016598,0.0,0.74178787670756385
2017-04-21 08:00:00,6057.0,6057.0,0.0,0.74178787670756385
2017-04-21 10:00:00,7043.0,7043.0,0.0,0.74178787670756385
2017-04-21 12:00:00,16928.0,6057.8565496506835,0.025,0.72649492736170296
2017-04-21 14:00:00,18031.0,17428.679175449997,0.0,0.74178787670756385
2017-04-21 16:00:00,16253.0,6057.8565496506835,0.025,0.75662521240358271
2017-04-21 18:00:00,15820.0,16123.193411179936,0.075,0.72649492620580314
2017-04-21 20:00:00,10440.0,6988.33542437546,0.025,0.71076658899698286
2017-04-21 22:00:00,7172.0,8408.959052713715,0.025,0.72649492620580314
2017-04-22 00:00:00,8297.0,6057.8565496506835,0.0,0.7417878755848879
2017-04-22 02:00:00,5420.0,6988.33542437546,0.025,0.72649492620580314
2017-04-22 04:00:00,6028.0,6028.0,0.0,0.72649492620580314
2017-04-22 06:00:00,3436.0,3436.0,0.0,0.72649492620580314
2017-04-22 08:00:00,5589.0,7936.014817293931,0.025,0.72649492620580314
2017-04-22 10:00:00,6275.0,7309.116964480207,0.075,0.67809703615330608
2017-04-22 12:00:00,8165.0,18202.165055416364,0.325,0.53866267917567101
2017-04-22 14:00:00,5915.0,6048.899584755478,0.05,0.52011586971522095
2017-04-22 16:00:00,5795.0,6048.899584755478,0.2,0.64683508753552577
2017-04-22 18:00:00,6437.0,17428.679175449997,0.1,0.69730048403915579
2017-04-22 20:00:00,6541.0,4804.173683379999,0.1,0.75901425039245796
2017-04-22 22:00:00,4815.0,6527.383470542749,0.175,0.83716178154710574
2017-04-23 00:00:00,6875.0,5076.25060686128,0.1,0.87886724811839945
2017-04-23 02:00:00,3889.0,6527.383470542749,0.1,0.91242273016363096
2017-04-23 04:00:00,5877.0,3208.0197537122,0.025,0.91242273016363096
2017-04-23 06:00:00,3398.0,5269.168322209827,0.0,0.88800061951539178
2017-04-23 08:00:00,5440.0,6230.784517852435,0.0,0.72903387742749914
2017-04-23 10:00:00,6222.0,4807.421578365998,0.0,0.69730049010214312
2017-04-23 12:00:00,7409.0,6228.149162496704,0.025,0.57546560826738036
2017-04-23 14:00:00,4690.0,5595.21033094695,0.075,0.55712576985530238
2017-04-23 16:00:00,4988.0,5755.343644429846,0.1,0.55712576985530238
2017-04-23 18:00:00,6030.0,6527.383470542749,0.025,0.55410464145945237
2017-04-23 20:00:00,6328.0,4807.421578365998,0.05,0.590674431298994
2017-04-23 22:00:00,5463.0,6679.104624171697,0.025,0.64398925167582055
2017-04-24 00:00:00,6854.0,6854.0,0.0,0.66120838898686085
2017-04-24 02:00:00,5511.0,3695.738559553843,0.025,0.64398925167582055
2017-04-24 04:00:00,5927.0,3415.2434583684876,0.05,0.60868793835484136
2017-04-24 06:00:00,3362.0,5468.181588233783,0.0,0.60868793835484136
2017-04-24 08:00:00,5525.0,6228.149162496704,0.0,0.62647126799832908
2017-04-24 10:00:00,7566.0,17428.679175449997,0.05,0.64398925297028409
2017-04-24 12:00:00,19022.0,19022.0,0.05,0.67809703864379012
2017-04-24 14:00:00,19787.0,19787.0,0.0,0.69462558395793861
2017-04-24 16:00:00,17562.0,17562.0,0.0,0.72649492736170296
2017-04-24 18:00:00,19169.0,19169.0,0.025,0.72649492736170296
2017-04-24 20:00:00,12144.0,8268.617634620785,0.025,0.71076659018450561
2017-04-24 22:00:00,7771.0,8746.389989116999,0.0,0.72649492736170296
2017-04-25 00:00:00,8572.0,8572.0,0.0,0.75662521240358271
2017-04-25 02:00:00,6007.0,6007.0,0.0,0.75662521240358271
2017-04-25 04:00:00,6294.0,6294.0,0.025,0.74178787670756385
2017-04-25 06:00:00,3237.0,3237.0,0.0,0.77098925978209443
2017-04-25 08:00:00,6263.0,6988.33542437546,0.0,0.79823973136555804
2017-04-25 10:00:00,7742.0,7742.0,0.0,0.79823973136555804
2017-04-25 12:00:00,19574.0,18026.793037982,0.0,0.79823973136555804
2017-04-25 14:00:00,20534.0,20534.0,0.025,0.79823973136555804
2017-04-25 16:00:00,18419.0,18419.0,0.0,0.81110375852591166
2017-04-25 18:00:00,19147.0,12161.5,0.025,0.79823973136555804
2017-04-25 20:00:00,12777.0,12777.0,0.0,0.79108134512641337
2017-04-25 22:00:00,8265.0,8268.617634620785,0.025,0.77710673728696
2017-04-26 00:00:00,8560.0,6032.3607965301835,0.0,0.79108134512641337
2017-04-26 02:00:00,5615.0,6252.433089623384,0.025,0.77710673728696
2017-04-26 04:00:00,6081.0,6081.0,0.0,0.77710673728696
2017-04-26 06:00:00,3333.0,3333.0,0.0,0.77710673728696
2017-04-26 08:00:00,5712.0,5712.0,0.0,0.77710673728696
2017-04-26 10:00:00,7683.0,7683.0,0.0,0.79108134512641337
2017-04-26 12:00:00,17846.0,17846.0,0.0,0.79108134512641337
2017-04-26 14:00:00,8222.0,8222.0,0.775,0.73284553363576577
